0 verbose cli C:\Program Files\nodejs\node.exe C:\Program Files\nodejs\node_modules\npm\bin\npm-cli.js
1 info using npm@10.8.2
2 info using node@v20.20.0
3 silly config load:file:C:\Program Files\nodejs\node_modules\npm\npmrc
4 silly config load:file:C:\webdevmin1\localvibe_client_complete\localvibe-client\.npmrc
5 silly config load:file:C:\Users\Muska\.npmrc
6 silly config load:file:C:\Users\Muska\AppData\Roaming\npm\etc\npmrc
7 verbose title npm install
8 verbose argv "install"
9 verbose logfile logs-max:10 dir:C:\webdevmin1\localvibe_client_complete\localvibe-client\.npm-cache\_logs\2026-02-09T21_25_12_520Z-
10 verbose logfile C:\webdevmin1\localvibe_client_complete\localvibe-client\.npm-cache\_logs\2026-02-09T21_25_12_520Z-debug-0.log
11 silly packumentCache heap:2197815296 maxSize:549453824 maxEntrySize:274726912
12 silly logfile done cleaning log files
13 silly idealTree buildDeps
14 silly reify moves {}
15 silly audit bulk request {
15 silly audit   '@alloc/quick-lru': [ '5.2.0' ],
15 silly audit   '@babel/code-frame': [ '7.29.0' ],
15 silly audit   '@babel/compat-data': [ '7.29.0' ],
15 silly audit   '@babel/core': [ '7.29.0' ],
15 silly audit   '@babel/generator': [ '7.29.1' ],
15 silly audit   '@babel/helper-compilation-targets': [ '7.28.6' ],
15 silly audit   '@babel/helper-globals': [ '7.28.0' ],
15 silly audit   '@babel/helper-module-imports': [ '7.28.6' ],
15 silly audit   '@babel/helper-module-transforms': [ '7.28.6' ],
15 silly audit   '@babel/helper-plugin-utils': [ '7.28.6' ],
15 silly audit   '@babel/helper-string-parser': [ '7.27.1' ],
15 silly audit   '@babel/helper-validator-identifier': [ '7.28.5' ],
15 silly audit   '@babel/helper-validator-option': [ '7.27.1' ],
15 silly audit   '@babel/helpers': [ '7.28.6' ],
15 silly audit   '@babel/parser': [ '7.29.0' ],
15 silly audit   '@babel/plugin-transform-react-jsx-self': [ '7.27.1' ],
15 silly audit   '@babel/plugin-transform-react-jsx-source': [ '7.27.1' ],
15 silly audit   '@babel/runtime': [ '7.28.6' ],
15 silly audit   '@babel/template': [ '7.28.6' ],
15 silly audit   '@babel/traverse': [ '7.29.0' ],
15 silly audit   '@babel/types': [ '7.29.0' ],
15 silly audit   '@date-fns/tz': [ '1.4.1' ],
15 silly audit   '@esbuild/aix-ppc64': [ '0.27.3' ],
15 silly audit   '@esbuild/android-arm': [ '0.27.3' ],
15 silly audit   '@esbuild/android-arm64': [ '0.27.3' ],
15 silly audit   '@esbuild/android-x64': [ '0.27.3' ],
15 silly audit   '@esbuild/darwin-arm64': [ '0.27.3' ],
15 silly audit   '@esbuild/darwin-x64': [ '0.27.3' ],
15 silly audit   '@esbuild/freebsd-arm64': [ '0.27.3' ],
15 silly audit   '@esbuild/freebsd-x64': [ '0.27.3' ],
15 silly audit   '@esbuild/linux-arm': [ '0.27.3' ],
15 silly audit   '@esbuild/linux-arm64': [ '0.27.3' ],
15 silly audit   '@esbuild/linux-ia32': [ '0.27.3' ],
15 silly audit   '@esbuild/linux-loong64': [ '0.27.3' ],
15 silly audit   '@esbuild/linux-mips64el': [ '0.27.3' ],
15 silly audit   '@esbuild/linux-ppc64': [ '0.27.3' ],
15 silly audit   '@esbuild/linux-riscv64': [ '0.27.3' ],
15 silly audit   '@esbuild/linux-s390x': [ '0.27.3' ],
15 silly audit   '@esbuild/linux-x64': [ '0.27.3' ],
15 silly audit   '@esbuild/netbsd-arm64': [ '0.27.3' ],
15 silly audit   '@esbuild/netbsd-x64': [ '0.27.3' ],
15 silly audit   '@esbuild/openbsd-arm64': [ '0.27.3' ],
15 silly audit   '@esbuild/openbsd-x64': [ '0.27.3' ],
15 silly audit   '@esbuild/openharmony-arm64': [ '0.27.3' ],
15 silly audit   '@esbuild/sunos-x64': [ '0.27.3' ],
15 silly audit   '@esbuild/win32-arm64': [ '0.27.3' ],
15 silly audit   '@esbuild/win32-ia32': [ '0.27.3' ],
15 silly audit   '@esbuild/win32-x64': [ '0.27.3' ],
15 silly audit   '@eslint-community/eslint-utils': [ '4.9.1' ],
15 silly audit   'eslint-visitor-keys': [ '3.4.3', '4.2.1' ],
15 silly audit   '@eslint-community/regexpp': [ '4.12.2' ],
15 silly audit   '@eslint/config-array': [ '0.21.1' ],
15 silly audit   '@eslint/config-helpers': [ '0.4.2' ],
15 silly audit   '@eslint/core': [ '0.17.0' ],
15 silly audit   '@eslint/eslintrc': [ '3.3.3' ],
15 silly audit   globals: [ '14.0.0', '16.5.0' ],
15 silly audit   '@eslint/js': [ '9.39.2' ],
15 silly audit   '@eslint/object-schema': [ '2.1.7' ],
15 silly audit   '@eslint/plugin-kit': [ '0.4.1' ],
15 silly audit   '@floating-ui/core': [ '1.7.4' ],
15 silly audit   '@floating-ui/dom': [ '1.7.5' ],
15 silly audit   '@floating-ui/react-dom': [ '2.1.7' ],
15 silly audit   '@floating-ui/utils': [ '0.2.10' ],
15 silly audit   '@hookform/resolvers': [ '5.2.2' ],
15 silly audit   '@humanfs/core': [ '0.19.1' ],
15 silly audit   '@humanfs/node': [ '0.16.7' ],
15 silly audit   '@humanwhocodes/module-importer': [ '1.0.1' ],
15 silly audit   '@humanwhocodes/retry': [ '0.4.3' ],
15 silly audit   '@jridgewell/gen-mapping': [ '0.3.13' ],
15 silly audit   '@jridgewell/remapping': [ '2.3.5' ],
15 silly audit   '@jridgewell/resolve-uri': [ '3.1.2' ],
15 silly audit   '@jridgewell/sourcemap-codec': [ '1.5.5' ],
15 silly audit   '@jridgewell/trace-mapping': [ '0.3.31' ],
15 silly audit   '@nodelib/fs.scandir': [ '2.1.5' ],
15 silly audit   '@nodelib/fs.stat': [ '2.0.5' ],
15 silly audit   '@nodelib/fs.walk': [ '1.2.8' ],
15 silly audit   '@radix-ui/number': [ '1.1.1' ],
15 silly audit   '@radix-ui/primitive': [ '1.1.3' ],
15 silly audit   '@radix-ui/react-accordion': [ '1.2.12' ],
15 silly audit   '@radix-ui/react-alert-dialog': [ '1.1.15' ],
15 silly audit   '@radix-ui/react-slot': [ '1.2.3', '1.2.4' ],
15 silly audit   '@radix-ui/react-arrow': [ '1.1.7' ],
15 silly audit   '@radix-ui/react-aspect-ratio': [ '1.1.8' ],
15 silly audit   '@radix-ui/react-primitive': [ '2.1.4', '2.1.3' ],
15 silly audit   '@radix-ui/react-avatar': [ '1.1.11' ],
15 silly audit   '@radix-ui/react-context': [ '1.1.3', '1.1.2' ],
15 silly audit   '@radix-ui/react-checkbox': [ '1.3.3' ],
15 silly audit   '@radix-ui/react-collapsible': [ '1.1.12' ],
15 silly audit   '@radix-ui/react-collection': [ '1.1.7' ],
15 silly audit   '@radix-ui/react-compose-refs': [ '1.1.2' ],
15 silly audit   '@radix-ui/react-context-menu': [ '2.2.16' ],
15 silly audit   '@radix-ui/react-dialog': [ '1.1.15' ],
15 silly audit   '@radix-ui/react-direction': [ '1.1.1' ],
15 silly audit   '@radix-ui/react-dismissable-layer': [ '1.1.11' ],
15 silly audit   '@radix-ui/react-dropdown-menu': [ '2.1.16' ],
15 silly audit   '@radix-ui/react-focus-guards': [ '1.1.3' ],
15 silly audit   '@radix-ui/react-focus-scope': [ '1.1.7' ],
15 silly audit   '@radix-ui/react-hover-card': [ '1.1.15' ],
15 silly audit   '@radix-ui/react-id': [ '1.1.1' ],
15 silly audit   '@radix-ui/react-label': [ '2.1.8' ],
15 silly audit   '@radix-ui/react-menu': [ '2.1.16' ],
15 silly audit   '@radix-ui/react-menubar': [ '1.1.16' ],
15 silly audit   '@radix-ui/react-navigation-menu': [ '1.2.14' ],
15 silly audit   '@radix-ui/react-popover': [ '1.1.15' ],
15 silly audit   '@radix-ui/react-popper': [ '1.2.8' ],
15 silly audit   '@radix-ui/react-portal': [ '1.1.9' ],
15 silly audit   '@radix-ui/react-presence': [ '1.1.5' ],
15 silly audit   '@radix-ui/react-progress': [ '1.1.8' ],
15 silly audit   '@radix-ui/react-radio-group': [ '1.3.8' ],
15 silly audit   '@radix-ui/react-roving-focus': [ '1.1.11' ],
15 silly audit   '@radix-ui/react-scroll-area': [ '1.2.10' ],
15 silly audit   '@radix-ui/react-select': [ '2.2.6' ],
15 silly audit   '@radix-ui/react-separator': [ '1.1.8' ],
15 silly audit   '@radix-ui/react-slider': [ '1.3.6' ],
15 silly audit   '@radix-ui/react-switch': [ '1.2.6' ],
15 silly audit   '@radix-ui/react-tabs': [ '1.1.13' ],
15 silly audit   '@radix-ui/react-toggle': [ '1.1.10' ],
15 silly audit   '@radix-ui/react-toggle-group': [ '1.1.11' ],
15 silly audit   '@radix-ui/react-tooltip': [ '1.2.8' ],
15 silly audit   '@radix-ui/react-use-callback-ref': [ '1.1.1' ],
15 silly audit   '@radix-ui/react-use-controllable-state': [ '1.2.2' ],
15 silly audit   '@radix-ui/react-use-effect-event': [ '0.0.2' ],
15 silly audit   '@radix-ui/react-use-escape-keydown': [ '1.1.1' ],
15 silly audit   '@radix-ui/react-use-is-hydrated': [ '0.1.0' ],
15 silly audit   '@radix-ui/react-use-layout-effect': [ '1.1.1' ],
15 silly audit   '@radix-ui/react-use-previous': [ '1.1.1' ],
15 silly audit   '@radix-ui/react-use-rect': [ '1.1.1' ],
15 silly audit   '@radix-ui/react-use-size': [ '1.1.1' ],
15 silly audit   '@radix-ui/react-visually-hidden': [ '1.2.3' ],
15 silly audit   '@radix-ui/rect': [ '1.1.1' ],
15 silly audit   '@react-leaflet/core': [ '3.0.0' ],
15 silly audit   '@rolldown/pluginutils': [ '1.0.0-rc.2' ],
15 silly audit   '@rollup/rollup-android-arm-eabi': [ '4.57.1' ],
15 silly audit   '@rollup/rollup-android-arm64': [ '4.57.1' ],
15 silly audit   '@rollup/rollup-darwin-arm64': [ '4.57.1' ],
15 silly audit   '@rollup/rollup-darwin-x64': [ '4.57.1' ],
15 silly audit   '@rollup/rollup-freebsd-arm64': [ '4.57.1' ],
15 silly audit   '@rollup/rollup-freebsd-x64': [ '4.57.1' ],
15 silly audit   '@rollup/rollup-linux-arm-gnueabihf': [ '4.57.1' ],
15 silly audit   '@rollup/rollup-linux-arm-musleabihf': [ '4.57.1' ],
15 silly audit   '@rollup/rollup-linux-arm64-gnu': [ '4.57.1' ],
15 silly audit   '@rollup/rollup-linux-arm64-musl': [ '4.57.1' ],
15 silly audit   '@rollup/rollup-linux-loong64-gnu': [ '4.57.1' ],
15 silly audit   '@rollup/rollup-linux-loong64-musl': [ '4.57.1' ],
15 silly audit   '@rollup/rollup-linux-ppc64-gnu': [ '4.57.1' ],
15 silly audit   '@rollup/rollup-linux-ppc64-musl': [ '4.57.1' ],
15 silly audit   '@rollup/rollup-linux-riscv64-gnu': [ '4.57.1' ],
15 silly audit   '@rollup/rollup-linux-riscv64-musl': [ '4.57.1' ],
15 silly audit   '@rollup/rollup-linux-s390x-gnu': [ '4.57.1' ],
15 silly audit   '@rollup/rollup-linux-x64-gnu': [ '4.57.1' ],
15 silly audit   '@rollup/rollup-linux-x64-musl': [ '4.57.1' ],
15 silly audit   '@rollup/rollup-openbsd-x64': [ '4.57.1' ],
15 silly audit   '@rollup/rollup-openharmony-arm64': [ '4.57.1' ],
15 silly audit   '@rollup/rollup-win32-arm64-msvc': [ '4.57.1' ],
15 silly audit   '@rollup/rollup-win32-ia32-msvc': [ '4.57.1' ],
15 silly audit   '@rollup/rollup-win32-x64-gnu': [ '4.57.1' ],
15 silly audit   '@rollup/rollup-win32-x64-msvc': [ '4.57.1' ],
15 silly audit   '@standard-schema/utils': [ '0.3.0' ],
15 silly audit   '@types/babel__core': [ '7.20.5' ],
15 silly audit   '@types/babel__generator': [ '7.27.0' ],
15 silly audit   '@types/babel__template': [ '7.4.4' ],
15 silly audit   '@types/babel__traverse': [ '7.28.0' ],
15 silly audit   '@types/d3-array': [ '3.2.2' ],
15 silly audit   '@types/d3-color': [ '3.1.3' ],
15 silly audit   '@types/d3-ease': [ '3.0.2' ],
15 silly audit   '@types/d3-interpolate': [ '3.0.4' ],
15 silly audit   '@types/d3-path': [ '3.1.1' ],
15 silly audit   '@types/d3-scale': [ '4.0.9' ],
15 silly audit   '@types/d3-shape': [ '3.1.8' ],
15 silly audit   '@types/d3-time': [ '3.0.4' ],
15 silly audit   '@types/d3-timer': [ '3.0.2' ],
15 silly audit   '@types/estree': [ '1.0.8' ],
15 silly audit   '@types/geojson': [ '7946.0.16' ],
15 silly audit   '@types/json-schema': [ '7.0.15' ],
15 silly audit   '@types/leaflet': [ '1.9.21' ],
15 silly audit   '@types/lodash': [ '4.17.23' ],
15 silly audit   '@types/node': [ '24.10.12' ],
15 silly audit   '@types/react': [ '19.2.13' ],
15 silly audit   '@types/react-dom': [ '19.2.3' ],
15 silly audit   '@typescript-eslint/eslint-plugin': [ '8.54.0' ],
15 silly audit   ignore: [ '7.0.5', '5.3.2' ],
15 silly audit   '@typescript-eslint/parser': [ '8.54.0' ],
15 silly audit   '@typescript-eslint/project-service': [ '8.54.0' ],
15 silly audit   '@typescript-eslint/scope-manager': [ '8.54.0' ],
15 silly audit   '@typescript-eslint/tsconfig-utils': [ '8.54.0' ],
15 silly audit   '@typescript-eslint/type-utils': [ '8.54.0' ],
15 silly audit   '@typescript-eslint/types': [ '8.54.0' ],
15 silly audit   '@typescript-eslint/typescript-estree': [ '8.54.0' ],
15 silly audit   'brace-expansion': [ '2.0.2', '1.1.12' ],
15 silly audit   minimatch: [ '9.0.5', '3.1.2' ],
15 silly audit   semver: [ '7.7.4', '6.3.1' ],
15 silly audit   '@typescript-eslint/utils': [ '8.54.0' ],
15 silly audit   '@typescript-eslint/visitor-keys': [ '8.54.0' ],
15 silly audit   '@vitejs/plugin-react': [ '5.1.3' ],
15 silly audit   accepts: [ '2.0.0' ],
15 silly audit   'mime-db': [ '1.54.0', '1.52.0' ],
15 silly audit   'mime-types': [ '3.0.2', '2.1.35' ],
15 silly audit   acorn: [ '8.15.0' ],
15 silly audit   'acorn-jsx': [ '5.3.2' ],
15 silly audit   ajv: [ '6.12.6' ],
15 silly audit   'ansi-styles': [ '4.3.0' ],
15 silly audit   'any-promise': [ '1.3.0' ],
15 silly audit   anymatch: [ '3.1.3' ],
15 silly audit   arg: [ '5.0.2' ],
15 silly audit   argparse: [ '2.0.1' ],
15 silly audit   'aria-hidden': [ '1.2.6' ],
15 silly audit   asynckit: [ '0.4.0' ],
15 silly audit   autoprefixer: [ '10.4.24' ],
15 silly audit   axios: [ '1.13.5' ],
15 silly audit   'balanced-match': [ '1.0.2' ],
15 silly audit   'baseline-browser-mapping': [ '2.9.19' ],
15 silly audit   bcryptjs: [ '3.0.3' ],
15 silly audit   'binary-extensions': [ '2.3.0' ],
15 silly audit   'body-parser': [ '2.2.2' ],
15 silly audit   braces: [ '3.0.3' ],
15 silly audit   browserslist: [ '4.28.1' ],
15 silly audit   'buffer-equal-constant-time': [ '1.0.1' ],
15 silly audit   bytes: [ '3.1.2' ],
15 silly audit   'call-bind-apply-helpers': [ '1.0.2' ],
15 silly audit   'call-bound': [ '1.0.4' ],
15 silly audit   callsites: [ '3.1.0' ],
15 silly audit   'camelcase-css': [ '2.0.1' ],
15 silly audit   'caniuse-lite': [ '1.0.30001769' ],
15 silly audit   chalk: [ '4.1.2' ],
15 silly audit   chokidar: [ '3.6.0' ],
15 silly audit   'glob-parent': [ '5.1.2', '6.0.2' ],
15 silly audit   'class-variance-authority': [ '0.7.1' ],
15 silly audit   clsx: [ '2.1.1' ],
15 silly audit   cmdk: [ '1.1.1' ],
15 silly audit   'color-convert': [ '2.0.1' ],
15 silly audit   'color-name': [ '1.1.4' ],
15 silly audit   'combined-stream': [ '1.0.8' ],
15 silly audit   commander: [ '4.1.1' ],
15 silly audit   'concat-map': [ '0.0.1' ],
15 silly audit   'content-disposition': [ '1.0.1' ],
15 silly audit   'content-type': [ '1.0.5' ],
15 silly audit   'convert-source-map': [ '2.0.0' ],
15 silly audit   cookie: [ '1.1.1', '0.7.2' ],
15 silly audit   'cookie-signature': [ '1.2.2' ],
15 silly audit   cors: [ '2.8.6' ],
15 silly audit   'cross-spawn': [ '7.0.6' ],
15 silly audit   cssesc: [ '3.0.0' ],
15 silly audit   csstype: [ '3.2.3' ],
15 silly audit   'd3-array': [ '3.2.4' ],
15 silly audit   'd3-color': [ '3.1.0' ],
15 silly audit   'd3-ease': [ '3.0.1' ],
15 silly audit   'd3-format': [ '3.1.2' ],
15 silly audit   'd3-interpolate': [ '3.0.1' ],
15 silly audit   'd3-path': [ '3.1.0' ],
15 silly audit   'd3-scale': [ '4.0.2' ],
15 silly audit   'd3-shape': [ '3.2.0' ],
15 silly audit   'd3-time': [ '3.1.0' ],
15 silly audit   'd3-time-format': [ '4.1.0' ],
15 silly audit   'd3-timer': [ '3.0.1' ],
15 silly audit   'date-fns': [ '4.1.0' ],
15 silly audit   'date-fns-jalali': [ '4.1.0-0' ],
15 silly audit   debug: [ '4.4.3' ],
15 silly audit   'decimal.js-light': [ '2.5.1' ],
15 silly audit   'deep-is': [ '0.1.4' ],
15 silly audit   'delayed-stream': [ '1.0.0' ],
15 silly audit   depd: [ '2.0.0' ],
15 silly audit   'detect-node-es': [ '1.1.0' ],
15 silly audit   didyoumean: [ '1.2.2' ],
15 silly audit   dlv: [ '1.1.3' ],
15 silly audit   'dom-helpers': [ '5.2.1' ],
15 silly audit   'dunder-proto': [ '1.0.1' ],
15 silly audit   'ecdsa-sig-formatter': [ '1.0.11' ],
15 silly audit   'ee-first': [ '1.1.1' ],
15 silly audit   'electron-to-chromium': [ '1.5.286' ],
15 silly audit   'embla-carousel': [ '8.6.0' ],
15 silly audit   'embla-carousel-react': [ '8.6.0' ],
15 silly audit   'embla-carousel-reactive-utils': [ '8.6.0' ],
15 silly audit   encodeurl: [ '2.0.0' ],
15 silly audit   'es-define-property': [ '1.0.1' ],
15 silly audit   'es-errors': [ '1.3.0' ],
15 silly audit   'es-object-atoms': [ '1.1.1' ],
15 silly audit   'es-set-tostringtag': [ '2.1.0' ],
15 silly audit   esbuild: [ '0.27.3' ],
15 silly audit   escalade: [ '3.2.0' ],
15 silly audit   'escape-html': [ '1.0.3' ],
15 silly audit   'escape-string-regexp': [ '4.0.0' ],
15 silly audit   eslint: [ '9.39.2' ],
15 silly audit   'eslint-plugin-react-hooks': [ '7.0.1' ],
15 silly audit   'eslint-plugin-react-refresh': [ '0.4.26' ],
15 silly audit   'eslint-scope': [ '8.4.0' ],
15 silly audit   espree: [ '10.4.0' ],
15 silly audit   esquery: [ '1.7.0' ],
15 silly audit   esrecurse: [ '4.3.0' ],
15 silly audit   estraverse: [ '5.3.0' ],
15 silly audit   esutils: [ '2.0.3' ],
15 silly audit   etag: [ '1.8.1' ],
15 silly audit   eventemitter3: [ '4.0.7' ],
15 silly audit   express: [ '5.2.1' ],
15 silly audit   'express-validator': [ '7.3.1' ],
15 silly audit   'fast-deep-equal': [ '3.1.3' ],
15 silly audit   'fast-equals': [ '5.4.0' ],
15 silly audit   'fast-glob': [ '3.3.3' ],
15 silly audit   'fast-json-stable-stringify': [ '2.1.0' ],
15 silly audit   'fast-levenshtein': [ '2.0.6' ],
15 silly audit   fastq: [ '1.20.1' ],
15 silly audit   'file-entry-cache': [ '8.0.0' ],
15 silly audit   'fill-range': [ '7.1.1' ],
15 silly audit   finalhandler: [ '2.1.1' ],
15 silly audit   'find-up': [ '5.0.0' ],
15 silly audit   'flat-cache': [ '4.0.1' ],
15 silly audit   flatted: [ '3.3.3' ],
15 silly audit   'follow-redirects': [ '1.15.11' ],
15 silly audit   'form-data': [ '4.0.5' ],
15 silly audit   forwarded: [ '0.2.0' ],
15 silly audit   'fraction.js': [ '5.3.4' ],
15 silly audit   fresh: [ '2.0.0' ],
15 silly audit   fsevents: [ '2.3.3' ],
15 silly audit   'function-bind': [ '1.1.2' ],
15 silly audit   gensync: [ '1.0.0-beta.2' ],
15 silly audit   'get-intrinsic': [ '1.3.0' ],
15 silly audit   'get-nonce': [ '1.0.1' ],
15 silly audit   'get-proto': [ '1.0.1' ],
15 silly audit   gopd: [ '1.2.0' ],
15 silly audit   'has-flag': [ '4.0.0' ],
15 silly audit   'has-symbols': [ '1.1.0' ],
15 silly audit   'has-tostringtag': [ '1.0.2' ],
15 silly audit   hasown: [ '2.0.2' ],
15 silly audit   'hermes-estree': [ '0.25.1' ],
15 silly audit   'hermes-parser': [ '0.25.1' ],
15 silly audit   'http-errors': [ '2.0.1' ],
15 silly audit   'iconv-lite': [ '0.7.2' ],
15 silly audit   'import-fresh': [ '3.3.1' ],
15 silly audit   imurmurhash: [ '0.1.4' ],
15 silly audit   inherits: [ '2.0.4' ],
15 silly audit   'input-otp': [ '1.4.2' ],
15 silly audit   internmap: [ '2.0.3' ],
15 silly audit   'ipaddr.js': [ '1.9.1' ],
15 silly audit   'is-binary-path': [ '2.1.0' ],
15 silly audit   'is-core-module': [ '2.16.1' ],
15 silly audit   'is-extglob': [ '2.1.1' ],
15 silly audit   'is-glob': [ '4.0.3' ],
15 silly audit   'is-number': [ '7.0.0' ],
15 silly audit   'is-promise': [ '4.0.0' ],
15 silly audit   isexe: [ '2.0.0' ],
15 silly audit   jiti: [ '1.21.7' ],
15 silly audit   'js-tokens': [ '4.0.0' ],
15 silly audit   'js-yaml': [ '4.1.1' ],
15 silly audit   jsesc: [ '3.1.0' ],
15 silly audit   'json-buffer': [ '3.0.1' ],
15 silly audit   'json-schema-traverse': [ '0.4.1' ],
15 silly audit   'json-stable-stringify-without-jsonify': [ '1.0.1' ],
15 silly audit   json5: [ '2.2.3' ],
15 silly audit   jsonwebtoken: [ '9.0.3' ],
15 silly audit   jwa: [ '2.0.1' ],
15 silly audit   jws: [ '4.0.1' ],
15 silly audit   keyv: [ '4.5.4' ],
15 silly audit   leaflet: [ '1.9.4' ],
15 silly audit   levn: [ '0.4.1' ],
15 silly audit   lilconfig: [ '3.1.3' ],
15 silly audit   'lines-and-columns': [ '1.2.4' ],
15 silly audit   'locate-path': [ '6.0.0' ],
15 silly audit   lodash: [ '4.17.23' ],
15 silly audit   'lodash.includes': [ '4.3.0' ],
15 silly audit   'lodash.isboolean': [ '3.0.3' ],
15 silly audit   'lodash.isinteger': [ '4.0.4' ],
15 silly audit   'lodash.isnumber': [ '3.0.3' ],
15 silly audit   'lodash.isplainobject': [ '4.0.6' ],
15 silly audit   'lodash.isstring': [ '4.0.1' ],
15 silly audit   'lodash.merge': [ '4.6.2' ],
15 silly audit   'lodash.once': [ '4.1.1' ],
15 silly audit   'loose-envify': [ '1.4.0' ],
15 silly audit   'lru-cache': [ '5.1.1' ],
15 silly audit   'lucide-react': [ '0.562.0' ],
15 silly audit   'math-intrinsics': [ '1.1.0' ],
15 silly audit   'media-typer': [ '1.1.0' ],
15 silly audit   'merge-descriptors': [ '2.0.0' ],
15 silly audit   merge2: [ '1.4.1' ],
15 silly audit   micromatch: [ '4.0.8' ],
15 silly audit   ms: [ '2.1.3' ],
15 silly audit   mz: [ '2.7.0' ],
15 silly audit   nanoid: [ '3.3.11' ],
15 silly audit   'natural-compare': [ '1.4.0' ],
15 silly audit   negotiator: [ '1.0.0' ],
15 silly audit   'next-themes': [ '0.4.6' ],
15 silly audit   'node-releases': [ '2.0.27' ],
15 silly audit   'normalize-path': [ '3.0.0' ],
15 silly audit   'object-assign': [ '4.1.1' ],
15 silly audit   'object-hash': [ '3.0.0' ],
15 silly audit   'object-inspect': [ '1.13.4' ],
15 silly audit   'on-finished': [ '2.4.1' ],
15 silly audit   once: [ '1.4.0' ],
15 silly audit   optionator: [ '0.9.4' ],
15 silly audit   'p-limit': [ '3.1.0' ],
15 silly audit   'p-locate': [ '5.0.0' ],
15 silly audit   'parent-module': [ '1.0.1' ],
15 silly audit   parseurl: [ '1.3.3' ],
15 silly audit   'path-exists': [ '4.0.0' ],
15 silly audit   'path-key': [ '3.1.1' ],
15 silly audit   'path-parse': [ '1.0.7' ],
15 silly audit   'path-to-regexp': [ '8.3.0' ],
15 silly audit   pg: [ '8.18.0' ],
15 silly audit   'pg-cloudflare': [ '1.3.0' ],
15 silly audit   'pg-connection-string': [ '2.11.0' ],
15 silly audit   'pg-int8': [ '1.0.1' ],
15 silly audit   'pg-pool': [ '3.11.0' ],
15 silly audit   'pg-protocol': [ '1.11.0' ],
15 silly audit   'pg-types': [ '2.2.0' ],
15 silly audit   pgpass: [ '1.0.5' ],
15 silly audit   picocolors: [ '1.1.1' ],
15 silly audit   picomatch: [ '2.3.1', '4.0.3' ],
15 silly audit   pify: [ '2.3.0' ],
15 silly audit   pirates: [ '4.0.7' ],
15 silly audit   postcss: [ '8.5.6' ],
15 silly audit   'postcss-import': [ '15.1.0' ],
15 silly audit   'postcss-js': [ '4.1.0' ],
15 silly audit   'postcss-load-config': [ '6.0.1' ],
15 silly audit   'postcss-nested': [ '6.2.0' ],
15 silly audit   'postcss-selector-parser': [ '6.1.2' ],
15 silly audit   'postcss-value-parser': [ '4.2.0' ],
15 silly audit   'postgres-array': [ '2.0.0' ],
15 silly audit   'postgres-bytea': [ '1.0.1' ],
15 silly audit   'postgres-date': [ '1.0.7' ],
15 silly audit   'postgres-interval': [ '1.2.0' ],
15 silly audit   'prelude-ls': [ '1.2.1' ],
15 silly audit   'prop-types': [ '15.8.1' ],
15 silly audit   'react-is': [ '16.13.1', '18.3.1' ],
15 silly audit   'proxy-addr': [ '2.0.7' ],
15 silly audit   'proxy-from-env': [ '1.1.0' ],
15 silly audit   punycode: [ '2.3.1' ],
15 silly audit   qs: [ '6.14.1' ],
15 silly audit   'queue-microtask': [ '1.2.3' ],
15 silly audit   'range-parser': [ '1.2.1' ],
15 silly audit   'raw-body': [ '3.0.2' ],
15 silly audit   react: [ '19.2.4' ],
15 silly audit   'react-day-picker': [ '9.13.1' ],
15 silly audit   'react-dom': [ '19.2.4' ],
15 silly audit   'react-hook-form': [ '7.71.1' ],
15 silly audit   'react-leaflet': [ '5.0.0' ],
15 silly audit   'react-refresh': [ '0.18.0' ],
15 silly audit   'react-remove-scroll': [ '2.7.2' ],
15 silly audit   'react-remove-scroll-bar': [ '2.3.8' ],
15 silly audit   'react-resizable-panels': [ '4.6.2' ],
15 silly audit   'react-router': [ '7.13.0' ],
15 silly audit   'react-router-dom': [ '7.13.0' ],
15 silly audit   'react-smooth': [ '4.0.4' ],
15 silly audit   'react-style-singleton': [ '2.2.3' ],
15 silly audit   'react-transition-group': [ '4.4.5' ],
15 silly audit   'read-cache': [ '1.0.0' ],
15 silly audit   readdirp: [ '3.6.0' ],
15 silly audit   recharts: [ '2.15.4' ],
15 silly audit   'recharts-scale': [ '0.4.5' ],
15 silly audit   resolve: [ '1.22.11' ],
15 silly audit   'resolve-from': [ '4.0.0' ],
15 silly audit   reusify: [ '1.1.0' ],
15 silly audit   rollup: [ '4.57.1' ],
15 silly audit   router: [ '2.2.0' ],
15 silly audit   'run-parallel': [ '1.2.0' ],
15 silly audit   'safe-buffer': [ '5.2.1' ],
15 silly audit   'safer-buffer': [ '2.1.2' ],
15 silly audit   scheduler: [ '0.27.0' ],
15 silly audit   send: [ '1.2.1' ],
15 silly audit   'serve-static': [ '2.2.1' ],
15 silly audit   'set-cookie-parser': [ '2.7.2' ],
15 silly audit   setprototypeof: [ '1.2.0' ],
15 silly audit   'shebang-command': [ '2.0.0' ],
15 silly audit   'shebang-regex': [ '3.0.0' ],
15 silly audit   'side-channel': [ '1.1.0' ],
15 silly audit   'side-channel-list': [ '1.0.0' ],
15 silly audit   'side-channel-map': [ '1.0.1' ],
15 silly audit   'side-channel-weakmap': [ '1.0.2' ],
15 silly audit   sonner: [ '2.0.7' ],
15 silly audit   'source-map-js': [ '1.2.1' ],
15 silly audit   split2: [ '4.2.0' ],
15 silly audit   statuses: [ '2.0.2' ],
15 silly audit   'strip-json-comments': [ '3.1.1' ],
15 silly audit   sucrase: [ '3.35.1' ],
15 silly audit   'supports-color': [ '7.2.0' ],
15 silly audit   'supports-preserve-symlinks-flag': [ '1.0.0' ],
15 silly audit   'tailwind-merge': [ '3.4.0' ],
15 silly audit   tailwindcss: [ '3.4.19' ],
15 silly audit   'tailwindcss-animate': [ '1.0.7' ],
15 silly audit   thenify: [ '3.3.1' ],
15 silly audit   'thenify-all': [ '1.6.0' ],
15 silly audit   'tiny-invariant': [ '1.3.3' ],
15 silly audit   tinyglobby: [ '0.2.15' ],
15 silly audit   fdir: [ '6.5.0' ],
15 silly audit   'to-regex-range': [ '5.0.1' ],
15 silly audit   toidentifier: [ '1.0.1' ],
15 silly audit   'ts-api-utils': [ '2.4.0' ],
15 silly audit   'ts-interface-checker': [ '0.1.13' ],
15 silly audit   tslib: [ '2.8.1' ],
15 silly audit   'tw-animate-css': [ '1.4.0' ],
15 silly audit   'type-check': [ '0.4.0' ],
15 silly audit   'type-is': [ '2.0.1' ],
15 silly audit   typescript: [ '5.9.3' ],
15 silly audit   'typescript-eslint': [ '8.54.0' ],
15 silly audit   'undici-types': [ '7.16.0' ],
15 silly audit   unpipe: [ '1.0.0' ],
15 silly audit   'update-browserslist-db': [ '1.2.3' ],
15 silly audit   'uri-js': [ '4.4.1' ],
15 silly audit   'use-callback-ref': [ '1.3.3' ],
15 silly audit   'use-sidecar': [ '1.1.3' ],
15 silly audit   'use-sync-external-store': [ '1.6.0' ],
15 silly audit   'util-deprecate': [ '1.0.2' ],
15 silly audit   validator: [ '13.15.26' ],
15 silly audit   vary: [ '1.1.2' ],
15 silly audit   vaul: [ '1.1.2' ],
15 silly audit   'victory-vendor': [ '36.9.2' ],
15 silly audit   vite: [ '7.3.1' ],
15 silly audit   which: [ '2.0.2' ],
15 silly audit   'word-wrap': [ '1.2.5' ],
15 silly audit   wrappy: [ '1.0.2' ],
15 silly audit   xtend: [ '4.0.2' ],
15 silly audit   yallist: [ '3.1.1' ],
15 silly audit   'yocto-queue': [ '0.1.0' ],
15 silly audit   zod: [ '4.3.6' ],
15 silly audit   'zod-validation-error': [ '4.0.2' ]
15 silly audit }
16 verbose reify failed optional dependency C:\webdevmin1\localvibe_client_complete\localvibe-client\node_modules\fsevents
17 silly reify mark deleted [
17 silly reify   'C:\\webdevmin1\\localvibe_client_complete\\localvibe-client\\node_modules\\fsevents'
17 silly reify ]
18 verbose reify failed optional dependency C:\webdevmin1\localvibe_client_complete\localvibe-client\node_modules\@rollup\rollup-win32-ia32-msvc
19 silly reify mark deleted [
19 silly reify   'C:\\webdevmin1\\localvibe_client_complete\\localvibe-client\\node_modules\\@rollup\\rollup-win32-ia32-msvc'
19 silly reify ]
20 verbose reify failed optional dependency C:\webdevmin1\localvibe_client_complete\localvibe-client\node_modules\@rollup\rollup-win32-arm64-msvc
21 silly reify mark deleted [
21 silly reify   'C:\\webdevmin1\\localvibe_client_complete\\localvibe-client\\node_modules\\@rollup\\rollup-win32-arm64-msvc'
21 silly reify ]
22 verbose reify failed optional dependency C:\webdevmin1\localvibe_client_complete\localvibe-client\node_modules\@rollup\rollup-openharmony-arm64
23 silly reify mark deleted [
23 silly reify   'C:\\webdevmin1\\localvibe_client_complete\\localvibe-client\\node_modules\\@rollup\\rollup-openharmony-arm64'
23 silly reify ]
24 verbose reify failed optional dependency C:\webdevmin1\localvibe_client_complete\localvibe-client\node_modules\@rollup\rollup-openbsd-x64
25 silly reify mark deleted [
25 silly reify   'C:\\webdevmin1\\localvibe_client_complete\\localvibe-client\\node_modules\\@rollup\\rollup-openbsd-x64'
25 silly reify ]
26 verbose reify failed optional dependency C:\webdevmin1\localvibe_client_complete\localvibe-client\node_modules\@rollup\rollup-linux-x64-musl
27 silly reify mark deleted [
27 silly reify   'C:\\webdevmin1\\localvibe_client_complete\\localvibe-client\\node_modules\\@rollup\\rollup-linux-x64-musl'
27 silly reify ]
28 verbose reify failed optional dependency C:\webdevmin1\localvibe_client_complete\localvibe-client\node_modules\@rollup\rollup-linux-x64-gnu
29 silly reify mark deleted [
29 silly reify   'C:\\webdevmin1\\localvibe_client_complete\\localvibe-client\\node_modules\\@rollup\\rollup-linux-x64-gnu'
29 silly reify ]
30 verbose reify failed optional dependency C:\webdevmin1\localvibe_client_complete\localvibe-client\node_modules\@rollup\rollup-linux-s390x-gnu
31 silly reify mark deleted [
31 silly reify   'C:\\webdevmin1\\localvibe_client_complete\\localvibe-client\\node_modules\\@rollup\\rollup-linux-s390x-gnu'
31 silly reify ]
32 verbose reify failed optional dependency C:\webdevmin1\localvibe_client_complete\localvibe-client\node_modules\@rollup\rollup-linux-riscv64-musl
33 silly reify mark deleted [
33 silly reify   'C:\\webdevmin1\\localvibe_client_complete\\localvibe-client\\node_modules\\@rollup\\rollup-linux-riscv64-musl'
33 silly reify ]
34 verbose reify failed optional dependency C:\webdevmin1\localvibe_client_complete\localvibe-client\node_modules\@rollup\rollup-linux-riscv64-gnu
35 silly reify mark deleted [
35 silly reify   'C:\\webdevmin1\\localvibe_client_complete\\localvibe-client\\node_modules\\@rollup\\rollup-linux-riscv64-gnu'
35 silly reify ]
36 verbose reify failed optional dependency C:\webdevmin1\localvibe_client_complete\localvibe-client\node_modules\@rollup\rollup-linux-ppc64-musl
37 silly reify mark deleted [
37 silly reify   'C:\\webdevmin1\\localvibe_client_complete\\localvibe-client\\node_modules\\@rollup\\rollup-linux-ppc64-musl'
37 silly reify ]
38 verbose reify failed optional dependency C:\webdevmin1\localvibe_client_complete\localvibe-client\node_modules\@rollup\rollup-linux-ppc64-gnu
39 silly reify mark deleted [
39 silly reify   'C:\\webdevmin1\\localvibe_client_complete\\localvibe-client\\node_modules\\@rollup\\rollup-linux-ppc64-gnu'
39 silly reify ]
40 verbose reify failed optional dependency C:\webdevmin1\localvibe_client_complete\localvibe-client\node_modules\@rollup\rollup-linux-loong64-musl
41 silly reify mark deleted [
41 silly reify   'C:\\webdevmin1\\localvibe_client_complete\\localvibe-client\\node_modules\\@rollup\\rollup-linux-loong64-musl'
41 silly reify ]
42 verbose reify failed optional dependency C:\webdevmin1\localvibe_client_complete\localvibe-client\node_modules\@rollup\rollup-linux-loong64-gnu
43 silly reify mark deleted [
43 silly reify   'C:\\webdevmin1\\localvibe_client_complete\\localvibe-client\\node_modules\\@rollup\\rollup-linux-loong64-gnu'
43 silly reify ]
44 verbose reify failed optional dependency C:\webdevmin1\localvibe_client_complete\localvibe-client\node_modules\@rollup\rollup-linux-arm64-musl
45 silly reify mark deleted [
45 silly reify   'C:\\webdevmin1\\localvibe_client_complete\\localvibe-client\\node_modules\\@rollup\\rollup-linux-arm64-musl'
45 silly reify ]
46 verbose reify failed optional dependency C:\webdevmin1\localvibe_client_complete\localvibe-client\node_modules\@rollup\rollup-linux-arm64-gnu
47 silly reify mark deleted [
47 silly reify   'C:\\webdevmin1\\localvibe_client_complete\\localvibe-client\\node_modules\\@rollup\\rollup-linux-arm64-gnu'
47 silly reify ]
48 verbose reify failed optional dependency C:\webdevmin1\localvibe_client_complete\localvibe-client\node_modules\@rollup\rollup-linux-arm-musleabihf
49 silly reify mark deleted [
49 silly reify   'C:\\webdevmin1\\localvibe_client_complete\\localvibe-client\\node_modules\\@rollup\\rollup-linux-arm-musleabihf'
49 silly reify ]
50 verbose reify failed optional dependency C:\webdevmin1\localvibe_client_complete\localvibe-client\node_modules\@rollup\rollup-linux-arm-gnueabihf
51 silly reify mark deleted [
51 silly reify   'C:\\webdevmin1\\localvibe_client_complete\\localvibe-client\\node_modules\\@rollup\\rollup-linux-arm-gnueabihf'
51 silly reify ]
52 verbose reify failed optional dependency C:\webdevmin1\localvibe_client_complete\localvibe-client\node_modules\@rollup\rollup-freebsd-x64
53 silly reify mark deleted [
53 silly reify   'C:\\webdevmin1\\localvibe_client_complete\\localvibe-client\\node_modules\\@rollup\\rollup-freebsd-x64'
53 silly reify ]
54 verbose reify failed optional dependency C:\webdevmin1\localvibe_client_complete\localvibe-client\node_modules\@rollup\rollup-freebsd-arm64
55 silly reify mark deleted [
55 silly reify   'C:\\webdevmin1\\localvibe_client_complete\\localvibe-client\\node_modules\\@rollup\\rollup-freebsd-arm64'
55 silly reify ]
56 verbose reify failed optional dependency C:\webdevmin1\localvibe_client_complete\localvibe-client\node_modules\@rollup\rollup-darwin-x64
57 silly reify mark deleted [
57 silly reify   'C:\\webdevmin1\\localvibe_client_complete\\localvibe-client\\node_modules\\@rollup\\rollup-darwin-x64'
57 silly reify ]
58 verbose reify failed optional dependency C:\webdevmin1\localvibe_client_complete\localvibe-client\node_modules\@rollup\rollup-darwin-arm64
59 silly reify mark deleted [
59 silly reify   'C:\\webdevmin1\\localvibe_client_complete\\localvibe-client\\node_modules\\@rollup\\rollup-darwin-arm64'
59 silly reify ]
60 verbose reify failed optional dependency C:\webdevmin1\localvibe_client_complete\localvibe-client\node_modules\@rollup\rollup-android-arm64
61 silly reify mark deleted [
61 silly reify   'C:\\webdevmin1\\localvibe_client_complete\\localvibe-client\\node_modules\\@rollup\\rollup-android-arm64'
61 silly reify ]
62 verbose reify failed optional dependency C:\webdevmin1\localvibe_client_complete\localvibe-client\node_modules\@rollup\rollup-android-arm-eabi
63 silly reify mark deleted [
63 silly reify   'C:\\webdevmin1\\localvibe_client_complete\\localvibe-client\\node_modules\\@rollup\\rollup-android-arm-eabi'
63 silly reify ]
64 verbose reify failed optional dependency C:\webdevmin1\localvibe_client_complete\localvibe-client\node_modules\@esbuild\win32-ia32
65 silly reify mark deleted [
65 silly reify   'C:\\webdevmin1\\localvibe_client_complete\\localvibe-client\\node_modules\\@esbuild\\win32-ia32'
65 silly reify ]
66 verbose reify failed optional dependency C:\webdevmin1\localvibe_client_complete\localvibe-client\node_modules\@esbuild\win32-arm64
67 silly reify mark deleted [
67 silly reify   'C:\\webdevmin1\\localvibe_client_complete\\localvibe-client\\node_modules\\@esbuild\\win32-arm64'
67 silly reify ]
68 verbose reify failed optional dependency C:\webdevmin1\localvibe_client_complete\localvibe-client\node_modules\@esbuild\sunos-x64
69 silly reify mark deleted [
69 silly reify   'C:\\webdevmin1\\localvibe_client_complete\\localvibe-client\\node_modules\\@esbuild\\sunos-x64'
69 silly reify ]
70 verbose reify failed optional dependency C:\webdevmin1\localvibe_client_complete\localvibe-client\node_modules\@esbuild\openharmony-arm64
71 silly reify mark deleted [
71 silly reify   'C:\\webdevmin1\\localvibe_client_complete\\localvibe-client\\node_modules\\@esbuild\\openharmony-arm64'
71 silly reify ]
72 verbose reify failed optional dependency C:\webdevmin1\localvibe_client_complete\localvibe-client\node_modules\@esbuild\openbsd-x64
73 silly reify mark deleted [
73 silly reify   'C:\\webdevmin1\\localvibe_client_complete\\localvibe-client\\node_modules\\@esbuild\\openbsd-x64'
73 silly reify ]
74 verbose reify failed optional dependency C:\webdevmin1\localvibe_client_complete\localvibe-client\node_modules\@esbuild\openbsd-arm64
75 silly reify mark deleted [
75 silly reify   'C:\\webdevmin1\\localvibe_client_complete\\localvibe-client\\node_modules\\@esbuild\\openbsd-arm64'
75 silly reify ]
76 verbose reify failed optional dependency C:\webdevmin1\localvibe_client_complete\localvibe-client\node_modules\@esbuild\netbsd-x64
77 silly reify mark deleted [
77 silly reify   'C:\\webdevmin1\\localvibe_client_complete\\localvibe-client\\node_modules\\@esbuild\\netbsd-x64'
77 silly reify ]
78 verbose reify failed optional dependency C:\webdevmin1\localvibe_client_complete\localvibe-client\node_modules\@esbuild\netbsd-arm64
79 silly reify mark deleted [
79 silly reify   'C:\\webdevmin1\\localvibe_client_complete\\localvibe-client\\node_modules\\@esbuild\\netbsd-arm64'
79 silly reify ]
80 verbose reify failed optional dependency C:\webdevmin1\localvibe_client_complete\localvibe-client\node_modules\@esbuild\linux-x64
81 silly reify mark deleted [
81 silly reify   'C:\\webdevmin1\\localvibe_client_complete\\localvibe-client\\node_modules\\@esbuild\\linux-x64'
81 silly reify ]
82 verbose reify failed optional dependency C:\webdevmin1\localvibe_client_complete\localvibe-client\node_modules\@esbuild\linux-s390x
83 silly reify mark deleted [
83 silly reify   'C:\\webdevmin1\\localvibe_client_complete\\localvibe-client\\node_modules\\@esbuild\\linux-s390x'
83 silly reify ]
84 verbose reify failed optional dependency C:\webdevmin1\localvibe_client_complete\localvibe-client\node_modules\@esbuild\linux-riscv64
85 silly reify mark deleted [
85 silly reify   'C:\\webdevmin1\\localvibe_client_complete\\localvibe-client\\node_modules\\@esbuild\\linux-riscv64'
85 silly reify ]
86 verbose reify failed optional dependency C:\webdevmin1\localvibe_client_complete\localvibe-client\node_modules\@esbuild\linux-ppc64
87 silly reify mark deleted [
87 silly reify   'C:\\webdevmin1\\localvibe_client_complete\\localvibe-client\\node_modules\\@esbuild\\linux-ppc64'
87 silly reify ]
88 verbose reify failed optional dependency C:\webdevmin1\localvibe_client_complete\localvibe-client\node_modules\@esbuild\linux-mips64el
89 silly reify mark deleted [
89 silly reify   'C:\\webdevmin1\\localvibe_client_complete\\localvibe-client\\node_modules\\@esbuild\\linux-mips64el'
89 silly reify ]
90 verbose reify failed optional dependency C:\webdevmin1\localvibe_client_complete\localvibe-client\node_modules\@esbuild\linux-loong64
91 silly reify mark deleted [
91 silly reify   'C:\\webdevmin1\\localvibe_client_complete\\localvibe-client\\node_modules\\@esbuild\\linux-loong64'
91 silly reify ]
92 verbose reify failed optional dependency C:\webdevmin1\localvibe_client_complete\localvibe-client\node_modules\@esbuild\linux-ia32
93 silly reify mark deleted [
93 silly reify   'C:\\webdevmin1\\localvibe_client_complete\\localvibe-client\\node_modules\\@esbuild\\linux-ia32'
93 silly reify ]
94 verbose reify failed optional dependency C:\webdevmin1\localvibe_client_complete\localvibe-client\node_modules\@esbuild\linux-arm64
95 silly reify mark deleted [
95 silly reify   'C:\\webdevmin1\\localvibe_client_complete\\localvibe-client\\node_modules\\@esbuild\\linux-arm64'
95 silly reify ]
96 verbose reify failed optional dependency C:\webdevmin1\localvibe_client_complete\localvibe-client\node_modules\@esbuild\linux-arm
97 silly reify mark deleted [
97 silly reify   'C:\\webdevmin1\\localvibe_client_complete\\localvibe-client\\node_modules\\@esbuild\\linux-arm'
97 silly reify ]
98 verbose reify failed optional dependency C:\webdevmin1\localvibe_client_complete\localvibe-client\node_modules\@esbuild\freebsd-x64
99 silly reify mark deleted [
99 silly reify   'C:\\webdevmin1\\localvibe_client_complete\\localvibe-client\\node_modules\\@esbuild\\freebsd-x64'
99 silly reify ]
100 verbose reify failed optional dependency C:\webdevmin1\localvibe_client_complete\localvibe-client\node_modules\@esbuild\freebsd-arm64
101 silly reify mark deleted [
101 silly reify   'C:\\webdevmin1\\localvibe_client_complete\\localvibe-client\\node_modules\\@esbuild\\freebsd-arm64'
101 silly reify ]
102 verbose reify failed optional dependency C:\webdevmin1\localvibe_client_complete\localvibe-client\node_modules\@esbuild\darwin-x64
103 silly reify mark deleted [
103 silly reify   'C:\\webdevmin1\\localvibe_client_complete\\localvibe-client\\node_modules\\@esbuild\\darwin-x64'
103 silly reify ]
104 verbose reify failed optional dependency C:\webdevmin1\localvibe_client_complete\localvibe-client\node_modules\@esbuild\darwin-arm64
105 silly reify mark deleted [
105 silly reify   'C:\\webdevmin1\\localvibe_client_complete\\localvibe-client\\node_modules\\@esbuild\\darwin-arm64'
105 silly reify ]
106 verbose reify failed optional dependency C:\webdevmin1\localvibe_client_complete\localvibe-client\node_modules\@esbuild\android-x64
107 silly reify mark deleted [
107 silly reify   'C:\\webdevmin1\\localvibe_client_complete\\localvibe-client\\node_modules\\@esbuild\\android-x64'
107 silly reify ]
108 verbose reify failed optional dependency C:\webdevmin1\localvibe_client_complete\localvibe-client\node_modules\@esbuild\android-arm64
109 silly reify mark deleted [
109 silly reify   'C:\\webdevmin1\\localvibe_client_complete\\localvibe-client\\node_modules\\@esbuild\\android-arm64'
109 silly reify ]
110 verbose reify failed optional dependency C:\webdevmin1\localvibe_client_complete\localvibe-client\node_modules\@esbuild\android-arm
111 silly reify mark deleted [
111 silly reify   'C:\\webdevmin1\\localvibe_client_complete\\localvibe-client\\node_modules\\@esbuild\\android-arm'
111 silly reify ]
112 verbose reify failed optional dependency C:\webdevmin1\localvibe_client_complete\localvibe-client\node_modules\@esbuild\aix-ppc64
113 silly reify mark deleted [
113 silly reify   'C:\\webdevmin1\\localvibe_client_complete\\localvibe-client\\node_modules\\@esbuild\\aix-ppc64'
113 silly reify ]
114 http fetch GET 200 https://registry.npmjs.org/npm 1446ms
115 silly tarball no local data for zod@https://registry.npmjs.org/zod/-/zod-4.3.6.tgz. Extracting by manifest.
116 silly tarball no local data for yocto-queue@https://registry.npmjs.org/yocto-queue/-/yocto-queue-0.1.0.tgz. Extracting by manifest.
117 silly tarball no local data for yallist@https://registry.npmjs.org/yallist/-/yallist-3.1.1.tgz. Extracting by manifest.
118 silly tarball no local data for zod-validation-error@https://registry.npmjs.org/zod-validation-error/-/zod-validation-error-4.0.2.tgz. Extracting by manifest.
119 silly tarball no local data for xtend@https://registry.npmjs.org/xtend/-/xtend-4.0.2.tgz. Extracting by manifest.
120 silly tarball no local data for wrappy@https://registry.npmjs.org/wrappy/-/wrappy-1.0.2.tgz. Extracting by manifest.
121 silly tarball no local data for vite@https://registry.npmjs.org/vite/-/vite-7.3.1.tgz. Extracting by manifest.
122 silly tarball no local data for which@https://registry.npmjs.org/which/-/which-2.0.2.tgz. Extracting by manifest.
123 silly tarball no local data for word-wrap@https://registry.npmjs.org/word-wrap/-/word-wrap-1.2.5.tgz. Extracting by manifest.
124 silly tarball no local data for victory-vendor@https://registry.npmjs.org/victory-vendor/-/victory-vendor-36.9.2.tgz. Extracting by manifest.
125 silly tarball no local data for vary@https://registry.npmjs.org/vary/-/vary-1.1.2.tgz. Extracting by manifest.
126 silly tarball no local data for use-sync-external-store@https://registry.npmjs.org/use-sync-external-store/-/use-sync-external-store-1.6.0.tgz. Extracting by manifest.
127 silly tarball no local data for vaul@https://registry.npmjs.org/vaul/-/vaul-1.1.2.tgz. Extracting by manifest.
128 silly tarball no local data for util-deprecate@https://registry.npmjs.org/util-deprecate/-/util-deprecate-1.0.2.tgz. Extracting by manifest.
129 silly tarball no local data for validator@https://registry.npmjs.org/validator/-/validator-13.15.26.tgz. Extracting by manifest.
130 silly tarball no local data for use-sidecar@https://registry.npmjs.org/use-sidecar/-/use-sidecar-1.1.3.tgz. Extracting by manifest.
131 silly tarball no local data for uri-js@https://registry.npmjs.org/uri-js/-/uri-js-4.4.1.tgz. Extracting by manifest.
132 silly tarball no local data for unpipe@https://registry.npmjs.org/unpipe/-/unpipe-1.0.0.tgz. Extracting by manifest.
133 silly tarball no local data for undici-types@https://registry.npmjs.org/undici-types/-/undici-types-7.16.0.tgz. Extracting by manifest.
134 silly tarball no local data for use-callback-ref@https://registry.npmjs.org/use-callback-ref/-/use-callback-ref-1.3.3.tgz. Extracting by manifest.
135 silly tarball no local data for update-browserslist-db@https://registry.npmjs.org/update-browserslist-db/-/update-browserslist-db-1.2.3.tgz. Extracting by manifest.
136 silly tarball no local data for typescript@https://registry.npmjs.org/typescript/-/typescript-5.9.3.tgz. Extracting by manifest.
137 silly tarball no local data for typescript-eslint@https://registry.npmjs.org/typescript-eslint/-/typescript-eslint-8.54.0.tgz. Extracting by manifest.
138 silly tarball no local data for type-check@https://registry.npmjs.org/type-check/-/type-check-0.4.0.tgz. Extracting by manifest.
139 silly tarball no local data for tw-animate-css@https://registry.npmjs.org/tw-animate-css/-/tw-animate-css-1.4.0.tgz. Extracting by manifest.
140 silly tarball no local data for type-is@https://registry.npmjs.org/type-is/-/type-is-2.0.1.tgz. Extracting by manifest.
141 silly tarball no local data for tslib@https://registry.npmjs.org/tslib/-/tslib-2.8.1.tgz. Extracting by manifest.
142 silly tarball no local data for ts-api-utils@https://registry.npmjs.org/ts-api-utils/-/ts-api-utils-2.4.0.tgz. Extracting by manifest.
143 silly tarball no local data for ts-interface-checker@https://registry.npmjs.org/ts-interface-checker/-/ts-interface-checker-0.1.13.tgz. Extracting by manifest.
144 silly tarball no local data for tinyglobby@https://registry.npmjs.org/tinyglobby/-/tinyglobby-0.2.15.tgz. Extracting by manifest.
145 silly tarball no local data for to-regex-range@https://registry.npmjs.org/to-regex-range/-/to-regex-range-5.0.1.tgz. Extracting by manifest.
146 silly tarball no local data for tiny-invariant@https://registry.npmjs.org/tiny-invariant/-/tiny-invariant-1.3.3.tgz. Extracting by manifest.
147 silly tarball no local data for thenify-all@https://registry.npmjs.org/thenify-all/-/thenify-all-1.6.0.tgz. Extracting by manifest.
148 silly tarball no local data for toidentifier@https://registry.npmjs.org/toidentifier/-/toidentifier-1.0.1.tgz. Extracting by manifest.
149 silly tarball no local data for tailwindcss@https://registry.npmjs.org/tailwindcss/-/tailwindcss-3.4.19.tgz. Extracting by manifest.
150 silly tarball no local data for tailwindcss-animate@https://registry.npmjs.org/tailwindcss-animate/-/tailwindcss-animate-1.0.7.tgz. Extracting by manifest.
151 silly tarball no local data for tailwind-merge@https://registry.npmjs.org/tailwind-merge/-/tailwind-merge-3.4.0.tgz. Extracting by manifest.
152 silly tarball no local data for thenify@https://registry.npmjs.org/thenify/-/thenify-3.3.1.tgz. Extracting by manifest.
153 silly tarball no local data for supports-color@https://registry.npmjs.org/supports-color/-/supports-color-7.2.0.tgz. Extracting by manifest.
154 silly tarball no local data for supports-preserve-symlinks-flag@https://registry.npmjs.org/supports-preserve-symlinks-flag/-/supports-preserve-symlinks-flag-1.0.0.tgz. Extracting by manifest.
155 silly tarball no local data for statuses@https://registry.npmjs.org/statuses/-/statuses-2.0.2.tgz. Extracting by manifest.
156 silly tarball no local data for strip-json-comments@https://registry.npmjs.org/strip-json-comments/-/strip-json-comments-3.1.1.tgz. Extracting by manifest.
157 silly tarball no local data for sucrase@https://registry.npmjs.org/sucrase/-/sucrase-3.35.1.tgz. Extracting by manifest.
158 silly tarball no local data for split2@https://registry.npmjs.org/split2/-/split2-4.2.0.tgz. Extracting by manifest.
159 silly tarball no local data for source-map-js@https://registry.npmjs.org/source-map-js/-/source-map-js-1.2.1.tgz. Extracting by manifest.
160 silly tarball no local data for sonner@https://registry.npmjs.org/sonner/-/sonner-2.0.7.tgz. Extracting by manifest.
161 silly tarball no local data for side-channel-map@https://registry.npmjs.org/side-channel-map/-/side-channel-map-1.0.1.tgz. Extracting by manifest.
162 silly tarball no local data for side-channel-weakmap@https://registry.npmjs.org/side-channel-weakmap/-/side-channel-weakmap-1.0.2.tgz. Extracting by manifest.
163 silly tarball no local data for side-channel-list@https://registry.npmjs.org/side-channel-list/-/side-channel-list-1.0.0.tgz. Extracting by manifest.
164 silly tarball no local data for side-channel@https://registry.npmjs.org/side-channel/-/side-channel-1.1.0.tgz. Extracting by manifest.
165 silly tarball no local data for shebang-regex@https://registry.npmjs.org/shebang-regex/-/shebang-regex-3.0.0.tgz. Extracting by manifest.
166 silly tarball no local data for shebang-command@https://registry.npmjs.org/shebang-command/-/shebang-command-2.0.0.tgz. Extracting by manifest.
167 silly tarball no local data for send@https://registry.npmjs.org/send/-/send-1.2.1.tgz. Extracting by manifest.
168 silly tarball no local data for set-cookie-parser@https://registry.npmjs.org/set-cookie-parser/-/set-cookie-parser-2.7.2.tgz. Extracting by manifest.
169 silly tarball no local data for setprototypeof@https://registry.npmjs.org/setprototypeof/-/setprototypeof-1.2.0.tgz. Extracting by manifest.
170 silly tarball no local data for semver@https://registry.npmjs.org/semver/-/semver-6.3.1.tgz. Extracting by manifest.
171 silly tarball no local data for scheduler@https://registry.npmjs.org/scheduler/-/scheduler-0.27.0.tgz. Extracting by manifest.
172 silly tarball no local data for serve-static@https://registry.npmjs.org/serve-static/-/serve-static-2.2.1.tgz. Extracting by manifest.
173 silly tarball no local data for safer-buffer@https://registry.npmjs.org/safer-buffer/-/safer-buffer-2.1.2.tgz. Extracting by manifest.
174 silly tarball no local data for safe-buffer@https://registry.npmjs.org/safe-buffer/-/safe-buffer-5.2.1.tgz. Extracting by manifest.
175 silly tarball no local data for run-parallel@https://registry.npmjs.org/run-parallel/-/run-parallel-1.2.0.tgz. Extracting by manifest.
176 silly tarball no local data for rollup@https://registry.npmjs.org/rollup/-/rollup-4.57.1.tgz. Extracting by manifest.
177 silly tarball no local data for reusify@https://registry.npmjs.org/reusify/-/reusify-1.1.0.tgz. Extracting by manifest.
178 silly tarball no local data for router@https://registry.npmjs.org/router/-/router-2.2.0.tgz. Extracting by manifest.
179 silly tarball no local data for resolve@https://registry.npmjs.org/resolve/-/resolve-1.22.11.tgz. Extracting by manifest.
180 silly tarball no local data for recharts@https://registry.npmjs.org/recharts/-/recharts-2.15.4.tgz. Extracting by manifest.
181 silly tarball no local data for resolve-from@https://registry.npmjs.org/resolve-from/-/resolve-from-4.0.0.tgz. Extracting by manifest.
182 silly tarball no local data for readdirp@https://registry.npmjs.org/readdirp/-/readdirp-3.6.0.tgz. Extracting by manifest.
183 silly tarball no local data for react-transition-group@https://registry.npmjs.org/react-transition-group/-/react-transition-group-4.4.5.tgz. Extracting by manifest.
184 silly tarball no local data for recharts-scale@https://registry.npmjs.org/recharts-scale/-/recharts-scale-0.4.5.tgz. Extracting by manifest.
185 silly tarball no local data for read-cache@https://registry.npmjs.org/read-cache/-/read-cache-1.0.0.tgz. Extracting by manifest.
186 silly tarball no local data for react-router-dom@https://registry.npmjs.org/react-router-dom/-/react-router-dom-7.13.0.tgz. Extracting by manifest.
187 silly tarball no local data for react-style-singleton@https://registry.npmjs.org/react-style-singleton/-/react-style-singleton-2.2.3.tgz. Extracting by manifest.
188 silly tarball no local data for react-resizable-panels@https://registry.npmjs.org/react-resizable-panels/-/react-resizable-panels-4.6.2.tgz. Extracting by manifest.
189 silly tarball no local data for react-remove-scroll@https://registry.npmjs.org/react-remove-scroll/-/react-remove-scroll-2.7.2.tgz. Extracting by manifest.
190 silly tarball no local data for react-smooth@https://registry.npmjs.org/react-smooth/-/react-smooth-4.0.4.tgz. Extracting by manifest.
191 silly tarball no local data for react-remove-scroll-bar@https://registry.npmjs.org/react-remove-scroll-bar/-/react-remove-scroll-bar-2.3.8.tgz. Extracting by manifest.
192 silly tarball no local data for react-router@https://registry.npmjs.org/react-router/-/react-router-7.13.0.tgz. Extracting by manifest.
193 silly tarball no local data for react-refresh@https://registry.npmjs.org/react-refresh/-/react-refresh-0.18.0.tgz. Extracting by manifest.
194 silly tarball no local data for react-leaflet@https://registry.npmjs.org/react-leaflet/-/react-leaflet-5.0.0.tgz. Extracting by manifest.
195 silly tarball no local data for react-is@https://registry.npmjs.org/react-is/-/react-is-18.3.1.tgz. Extracting by manifest.
196 silly tarball no local data for react-dom@https://registry.npmjs.org/react-dom/-/react-dom-19.2.4.tgz. Extracting by manifest.
197 silly tarball no local data for react@https://registry.npmjs.org/react/-/react-19.2.4.tgz. Extracting by manifest.
198 silly tarball no local data for raw-body@https://registry.npmjs.org/raw-body/-/raw-body-3.0.2.tgz. Extracting by manifest.
199 silly tarball no local data for react-day-picker@https://registry.npmjs.org/react-day-picker/-/react-day-picker-9.13.1.tgz. Extracting by manifest.
200 silly tarball no local data for react-hook-form@https://registry.npmjs.org/react-hook-form/-/react-hook-form-7.71.1.tgz. Extracting by manifest.
201 silly tarball no local data for queue-microtask@https://registry.npmjs.org/queue-microtask/-/queue-microtask-1.2.3.tgz. Extracting by manifest.
202 silly tarball no local data for range-parser@https://registry.npmjs.org/range-parser/-/range-parser-1.2.1.tgz. Extracting by manifest.
203 silly tarball no local data for proxy-addr@https://registry.npmjs.org/proxy-addr/-/proxy-addr-2.0.7.tgz. Extracting by manifest.
204 silly tarball no local data for qs@https://registry.npmjs.org/qs/-/qs-6.14.1.tgz. Extracting by manifest.
205 silly tarball no local data for proxy-from-env@https://registry.npmjs.org/proxy-from-env/-/proxy-from-env-1.1.0.tgz. Extracting by manifest.
206 silly tarball no local data for punycode@https://registry.npmjs.org/punycode/-/punycode-2.3.1.tgz. Extracting by manifest.
207 silly tarball no local data for prelude-ls@https://registry.npmjs.org/prelude-ls/-/prelude-ls-1.2.1.tgz. Extracting by manifest.
208 silly tarball no local data for prop-types@https://registry.npmjs.org/prop-types/-/prop-types-15.8.1.tgz. Extracting by manifest.
209 silly tarball no local data for postgres-date@https://registry.npmjs.org/postgres-date/-/postgres-date-1.0.7.tgz. Extracting by manifest.
210 silly tarball no local data for postgres-interval@https://registry.npmjs.org/postgres-interval/-/postgres-interval-1.2.0.tgz. Extracting by manifest.
211 silly tarball no local data for postgres-bytea@https://registry.npmjs.org/postgres-bytea/-/postgres-bytea-1.0.1.tgz. Extracting by manifest.
212 silly tarball no local data for postgres-array@https://registry.npmjs.org/postgres-array/-/postgres-array-2.0.0.tgz. Extracting by manifest.
213 silly tarball no local data for postcss-value-parser@https://registry.npmjs.org/postcss-value-parser/-/postcss-value-parser-4.2.0.tgz. Extracting by manifest.
214 silly tarball no local data for postcss-nested@https://registry.npmjs.org/postcss-nested/-/postcss-nested-6.2.0.tgz. Extracting by manifest.
215 silly tarball no local data for postcss-js@https://registry.npmjs.org/postcss-js/-/postcss-js-4.1.0.tgz. Extracting by manifest.
216 silly tarball no local data for postcss-load-config@https://registry.npmjs.org/postcss-load-config/-/postcss-load-config-6.0.1.tgz. Extracting by manifest.
217 silly tarball no local data for postcss-import@https://registry.npmjs.org/postcss-import/-/postcss-import-15.1.0.tgz. Extracting by manifest.
218 silly tarball no local data for postcss-selector-parser@https://registry.npmjs.org/postcss-selector-parser/-/postcss-selector-parser-6.1.2.tgz. Extracting by manifest.
219 silly tarball no local data for pirates@https://registry.npmjs.org/pirates/-/pirates-4.0.7.tgz. Extracting by manifest.
220 silly tarball no local data for postcss@https://registry.npmjs.org/postcss/-/postcss-8.5.6.tgz. Extracting by manifest.
221 silly tarball no local data for picocolors@https://registry.npmjs.org/picocolors/-/picocolors-1.1.1.tgz. Extracting by manifest.
222 silly tarball no local data for pify@https://registry.npmjs.org/pify/-/pify-2.3.0.tgz. Extracting by manifest.
223 silly tarball no local data for pg-types@https://registry.npmjs.org/pg-types/-/pg-types-2.2.0.tgz. Extracting by manifest.
224 silly tarball no local data for picomatch@https://registry.npmjs.org/picomatch/-/picomatch-2.3.1.tgz. Extracting by manifest.
225 silly tarball no local data for pgpass@https://registry.npmjs.org/pgpass/-/pgpass-1.0.5.tgz. Extracting by manifest.
226 silly tarball no local data for pg-pool@https://registry.npmjs.org/pg-pool/-/pg-pool-3.11.0.tgz. Extracting by manifest.
227 silly tarball no local data for pg-protocol@https://registry.npmjs.org/pg-protocol/-/pg-protocol-1.11.0.tgz. Extracting by manifest.
228 silly tarball no local data for pg-int8@https://registry.npmjs.org/pg-int8/-/pg-int8-1.0.1.tgz. Extracting by manifest.
229 silly tarball no local data for pg-cloudflare@https://registry.npmjs.org/pg-cloudflare/-/pg-cloudflare-1.3.0.tgz. Extracting by manifest.
230 silly tarball no local data for pg-connection-string@https://registry.npmjs.org/pg-connection-string/-/pg-connection-string-2.11.0.tgz. Extracting by manifest.
231 silly tarball no local data for pg@https://registry.npmjs.org/pg/-/pg-8.18.0.tgz. Extracting by manifest.
232 silly tarball no local data for path-to-regexp@https://registry.npmjs.org/path-to-regexp/-/path-to-regexp-8.3.0.tgz. Extracting by manifest.
233 silly tarball no local data for path-parse@https://registry.npmjs.org/path-parse/-/path-parse-1.0.7.tgz. Extracting by manifest.
234 silly tarball no local data for path-key@https://registry.npmjs.org/path-key/-/path-key-3.1.1.tgz. Extracting by manifest.
235 silly tarball no local data for path-exists@https://registry.npmjs.org/path-exists/-/path-exists-4.0.0.tgz. Extracting by manifest.
236 silly tarball no local data for parseurl@https://registry.npmjs.org/parseurl/-/parseurl-1.3.3.tgz. Extracting by manifest.
237 silly tarball no local data for p-locate@https://registry.npmjs.org/p-locate/-/p-locate-5.0.0.tgz. Extracting by manifest.
238 silly tarball no local data for p-limit@https://registry.npmjs.org/p-limit/-/p-limit-3.1.0.tgz. Extracting by manifest.
239 silly tarball no local data for parent-module@https://registry.npmjs.org/parent-module/-/parent-module-1.0.1.tgz. Extracting by manifest.
240 silly tarball no local data for on-finished@https://registry.npmjs.org/on-finished/-/on-finished-2.4.1.tgz. Extracting by manifest.
241 silly tarball no local data for optionator@https://registry.npmjs.org/optionator/-/optionator-0.9.4.tgz. Extracting by manifest.
242 silly tarball no local data for once@https://registry.npmjs.org/once/-/once-1.4.0.tgz. Extracting by manifest.
243 silly tarball no local data for object-hash@https://registry.npmjs.org/object-hash/-/object-hash-3.0.0.tgz. Extracting by manifest.
244 silly tarball no local data for object-inspect@https://registry.npmjs.org/object-inspect/-/object-inspect-1.13.4.tgz. Extracting by manifest.
245 silly tarball no local data for node-releases@https://registry.npmjs.org/node-releases/-/node-releases-2.0.27.tgz. Extracting by manifest.
246 silly tarball no local data for object-assign@https://registry.npmjs.org/object-assign/-/object-assign-4.1.1.tgz. Extracting by manifest.
247 silly tarball no local data for normalize-path@https://registry.npmjs.org/normalize-path/-/normalize-path-3.0.0.tgz. Extracting by manifest.
248 silly tarball no local data for natural-compare@https://registry.npmjs.org/natural-compare/-/natural-compare-1.4.0.tgz. Extracting by manifest.
249 silly tarball no local data for next-themes@https://registry.npmjs.org/next-themes/-/next-themes-0.4.6.tgz. Extracting by manifest.
250 silly tarball no local data for nanoid@https://registry.npmjs.org/nanoid/-/nanoid-3.3.11.tgz. Extracting by manifest.
251 silly tarball no local data for mz@https://registry.npmjs.org/mz/-/mz-2.7.0.tgz. Extracting by manifest.
252 silly tarball no local data for negotiator@https://registry.npmjs.org/negotiator/-/negotiator-1.0.0.tgz. Extracting by manifest.
253 silly tarball no local data for ms@https://registry.npmjs.org/ms/-/ms-2.1.3.tgz. Extracting by manifest.
254 silly tarball no local data for mime-types@https://registry.npmjs.org/mime-types/-/mime-types-2.1.35.tgz. Extracting by manifest.
255 silly tarball no local data for merge2@https://registry.npmjs.org/merge2/-/merge2-1.4.1.tgz. Extracting by manifest.
256 silly tarball no local data for minimatch@https://registry.npmjs.org/minimatch/-/minimatch-3.1.2.tgz. Extracting by manifest.
257 silly tarball no local data for mime-db@https://registry.npmjs.org/mime-db/-/mime-db-1.52.0.tgz. Extracting by manifest.
258 silly tarball no local data for micromatch@https://registry.npmjs.org/micromatch/-/micromatch-4.0.8.tgz. Extracting by manifest.
259 silly tarball no local data for lucide-react@https://registry.npmjs.org/lucide-react/-/lucide-react-0.562.0.tgz. Extracting by manifest.
260 silly tarball no local data for math-intrinsics@https://registry.npmjs.org/math-intrinsics/-/math-intrinsics-1.1.0.tgz. Extracting by manifest.
261 silly tarball no local data for media-typer@https://registry.npmjs.org/media-typer/-/media-typer-1.1.0.tgz. Extracting by manifest.
262 silly tarball no local data for merge-descriptors@https://registry.npmjs.org/merge-descriptors/-/merge-descriptors-2.0.0.tgz. Extracting by manifest.
263 silly tarball no local data for lru-cache@https://registry.npmjs.org/lru-cache/-/lru-cache-5.1.1.tgz. Extracting by manifest.
264 silly tarball no local data for lodash.isstring@https://registry.npmjs.org/lodash.isstring/-/lodash.isstring-4.0.1.tgz. Extracting by manifest.
265 silly tarball no local data for loose-envify@https://registry.npmjs.org/loose-envify/-/loose-envify-1.4.0.tgz. Extracting by manifest.
266 silly tarball no local data for lodash.once@https://registry.npmjs.org/lodash.once/-/lodash.once-4.1.1.tgz. Extracting by manifest.
267 silly tarball no local data for lodash.isplainobject@https://registry.npmjs.org/lodash.isplainobject/-/lodash.isplainobject-4.0.6.tgz. Extracting by manifest.
268 silly tarball no local data for lodash.isboolean@https://registry.npmjs.org/lodash.isboolean/-/lodash.isboolean-3.0.3.tgz. Extracting by manifest.
269 silly tarball no local data for lodash.isnumber@https://registry.npmjs.org/lodash.isnumber/-/lodash.isnumber-3.0.3.tgz. Extracting by manifest.
270 silly tarball no local data for lodash.merge@https://registry.npmjs.org/lodash.merge/-/lodash.merge-4.6.2.tgz. Extracting by manifest.
271 silly tarball no local data for lodash.isinteger@https://registry.npmjs.org/lodash.isinteger/-/lodash.isinteger-4.0.4.tgz. Extracting by manifest.
272 silly tarball no local data for lodash@https://registry.npmjs.org/lodash/-/lodash-4.17.23.tgz. Extracting by manifest.
273 silly tarball no local data for lodash.includes@https://registry.npmjs.org/lodash.includes/-/lodash.includes-4.3.0.tgz. Extracting by manifest.
274 silly tarball no local data for locate-path@https://registry.npmjs.org/locate-path/-/locate-path-6.0.0.tgz. Extracting by manifest.
275 silly tarball no local data for lilconfig@https://registry.npmjs.org/lilconfig/-/lilconfig-3.1.3.tgz. Extracting by manifest.
276 silly tarball no local data for lines-and-columns@https://registry.npmjs.org/lines-and-columns/-/lines-and-columns-1.2.4.tgz. Extracting by manifest.
277 silly tarball no local data for levn@https://registry.npmjs.org/levn/-/levn-0.4.1.tgz. Extracting by manifest.
278 silly tarball no local data for keyv@https://registry.npmjs.org/keyv/-/keyv-4.5.4.tgz. Extracting by manifest.
279 silly tarball no local data for leaflet@https://registry.npmjs.org/leaflet/-/leaflet-1.9.4.tgz. Extracting by manifest.
280 silly tarball no local data for jws@https://registry.npmjs.org/jws/-/jws-4.0.1.tgz. Extracting by manifest.
281 silly tarball no local data for jsonwebtoken@https://registry.npmjs.org/jsonwebtoken/-/jsonwebtoken-9.0.3.tgz. Extracting by manifest.
282 silly tarball no local data for jwa@https://registry.npmjs.org/jwa/-/jwa-2.0.1.tgz. Extracting by manifest.
283 silly tarball no local data for json-schema-traverse@https://registry.npmjs.org/json-schema-traverse/-/json-schema-traverse-0.4.1.tgz. Extracting by manifest.
284 silly tarball no local data for json5@https://registry.npmjs.org/json5/-/json5-2.2.3.tgz. Extracting by manifest.
285 silly tarball no local data for json-stable-stringify-without-jsonify@https://registry.npmjs.org/json-stable-stringify-without-jsonify/-/json-stable-stringify-without-jsonify-1.0.1.tgz. Extracting by manifest.
286 silly tarball no local data for jsesc@https://registry.npmjs.org/jsesc/-/jsesc-3.1.0.tgz. Extracting by manifest.
287 silly tarball no local data for json-buffer@https://registry.npmjs.org/json-buffer/-/json-buffer-3.0.1.tgz. Extracting by manifest.
288 silly tarball no local data for jiti@https://registry.npmjs.org/jiti/-/jiti-1.21.7.tgz. Extracting by manifest.
289 silly tarball no local data for js-yaml@https://registry.npmjs.org/js-yaml/-/js-yaml-4.1.1.tgz. Extracting by manifest.
290 silly tarball no local data for js-tokens@https://registry.npmjs.org/js-tokens/-/js-tokens-4.0.0.tgz. Extracting by manifest.
291 silly tarball no local data for isexe@https://registry.npmjs.org/isexe/-/isexe-2.0.0.tgz. Extracting by manifest.
292 silly tarball no local data for is-extglob@https://registry.npmjs.org/is-extglob/-/is-extglob-2.1.1.tgz. Extracting by manifest.
293 silly tarball no local data for is-promise@https://registry.npmjs.org/is-promise/-/is-promise-4.0.0.tgz. Extracting by manifest.
294 silly tarball no local data for is-glob@https://registry.npmjs.org/is-glob/-/is-glob-4.0.3.tgz. Extracting by manifest.
295 silly tarball no local data for is-number@https://registry.npmjs.org/is-number/-/is-number-7.0.0.tgz. Extracting by manifest.
296 silly tarball no local data for is-binary-path@https://registry.npmjs.org/is-binary-path/-/is-binary-path-2.1.0.tgz. Extracting by manifest.
297 silly tarball no local data for ipaddr.js@https://registry.npmjs.org/ipaddr.js/-/ipaddr.js-1.9.1.tgz. Extracting by manifest.
298 silly tarball no local data for internmap@https://registry.npmjs.org/internmap/-/internmap-2.0.3.tgz. Extracting by manifest.
299 silly tarball no local data for inherits@https://registry.npmjs.org/inherits/-/inherits-2.0.4.tgz. Extracting by manifest.
300 silly tarball no local data for input-otp@https://registry.npmjs.org/input-otp/-/input-otp-1.4.2.tgz. Extracting by manifest.
301 silly tarball no local data for imurmurhash@https://registry.npmjs.org/imurmurhash/-/imurmurhash-0.1.4.tgz. Extracting by manifest.
302 silly tarball no local data for import-fresh@https://registry.npmjs.org/import-fresh/-/import-fresh-3.3.1.tgz. Extracting by manifest.
303 silly tarball no local data for ignore@https://registry.npmjs.org/ignore/-/ignore-5.3.2.tgz. Extracting by manifest.
304 silly tarball no local data for iconv-lite@https://registry.npmjs.org/iconv-lite/-/iconv-lite-0.7.2.tgz. Extracting by manifest.
305 silly tarball no local data for http-errors@https://registry.npmjs.org/http-errors/-/http-errors-2.0.1.tgz. Extracting by manifest.
306 silly tarball no local data for is-core-module@https://registry.npmjs.org/is-core-module/-/is-core-module-2.16.1.tgz. Extracting by manifest.
307 silly tarball no local data for hasown@https://registry.npmjs.org/hasown/-/hasown-2.0.2.tgz. Extracting by manifest.
308 silly tarball no local data for hermes-parser@https://registry.npmjs.org/hermes-parser/-/hermes-parser-0.25.1.tgz. Extracting by manifest.
309 silly tarball no local data for hermes-estree@https://registry.npmjs.org/hermes-estree/-/hermes-estree-0.25.1.tgz. Extracting by manifest.
310 silly tarball no local data for gopd@https://registry.npmjs.org/gopd/-/gopd-1.2.0.tgz. Extracting by manifest.
311 silly tarball no local data for globals@https://registry.npmjs.org/globals/-/globals-16.5.0.tgz. Extracting by manifest.
312 silly tarball no local data for has-symbols@https://registry.npmjs.org/has-symbols/-/has-symbols-1.1.0.tgz. Extracting by manifest.
313 silly tarball no local data for has-flag@https://registry.npmjs.org/has-flag/-/has-flag-4.0.0.tgz. Extracting by manifest.
314 silly tarball no local data for has-tostringtag@https://registry.npmjs.org/has-tostringtag/-/has-tostringtag-1.0.2.tgz. Extracting by manifest.
315 silly tarball no local data for get-nonce@https://registry.npmjs.org/get-nonce/-/get-nonce-1.0.1.tgz. Extracting by manifest.
316 silly tarball no local data for function-bind@https://registry.npmjs.org/function-bind/-/function-bind-1.1.2.tgz. Extracting by manifest.
317 silly tarball no local data for fresh@https://registry.npmjs.org/fresh/-/fresh-2.0.0.tgz. Extracting by manifest.
318 silly tarball no local data for fraction.js@https://registry.npmjs.org/fraction.js/-/fraction.js-5.3.4.tgz. Extracting by manifest.
319 silly tarball no local data for glob-parent@https://registry.npmjs.org/glob-parent/-/glob-parent-6.0.2.tgz. Extracting by manifest.
320 silly tarball no local data for gensync@https://registry.npmjs.org/gensync/-/gensync-1.0.0-beta.2.tgz. Extracting by manifest.
321 silly tarball no local data for follow-redirects@https://registry.npmjs.org/follow-redirects/-/follow-redirects-1.15.11.tgz. Extracting by manifest.
322 silly tarball no local data for get-proto@https://registry.npmjs.org/get-proto/-/get-proto-1.0.1.tgz. Extracting by manifest.
323 silly tarball no local data for forwarded@https://registry.npmjs.org/forwarded/-/forwarded-0.2.0.tgz. Extracting by manifest.
324 silly tarball no local data for form-data@https://registry.npmjs.org/form-data/-/form-data-4.0.5.tgz. Extracting by manifest.
325 silly tarball no local data for flatted@https://registry.npmjs.org/flatted/-/flatted-3.3.3.tgz. Extracting by manifest.
326 silly tarball no local data for flat-cache@https://registry.npmjs.org/flat-cache/-/flat-cache-4.0.1.tgz. Extracting by manifest.
327 silly tarball no local data for fill-range@https://registry.npmjs.org/fill-range/-/fill-range-7.1.1.tgz. Extracting by manifest.
328 silly tarball no local data for finalhandler@https://registry.npmjs.org/finalhandler/-/finalhandler-2.1.1.tgz. Extracting by manifest.
329 silly tarball no local data for find-up@https://registry.npmjs.org/find-up/-/find-up-5.0.0.tgz. Extracting by manifest.
330 silly tarball no local data for fastq@https://registry.npmjs.org/fastq/-/fastq-1.20.1.tgz. Extracting by manifest.
331 silly tarball no local data for fast-levenshtein@https://registry.npmjs.org/fast-levenshtein/-/fast-levenshtein-2.0.6.tgz. Extracting by manifest.
332 silly tarball no local data for fast-glob@https://registry.npmjs.org/fast-glob/-/fast-glob-3.3.3.tgz. Extracting by manifest.
333 silly tarball no local data for fast-equals@https://registry.npmjs.org/fast-equals/-/fast-equals-5.4.0.tgz. Extracting by manifest.
334 silly tarball no local data for file-entry-cache@https://registry.npmjs.org/file-entry-cache/-/file-entry-cache-8.0.0.tgz. Extracting by manifest.
335 silly tarball no local data for fast-json-stable-stringify@https://registry.npmjs.org/fast-json-stable-stringify/-/fast-json-stable-stringify-2.1.0.tgz. Extracting by manifest.
336 silly tarball no local data for fast-deep-equal@https://registry.npmjs.org/fast-deep-equal/-/fast-deep-equal-3.1.3.tgz. Extracting by manifest.
337 silly tarball no local data for eventemitter3@https://registry.npmjs.org/eventemitter3/-/eventemitter3-4.0.7.tgz. Extracting by manifest.
338 silly tarball no local data for express@https://registry.npmjs.org/express/-/express-5.2.1.tgz. Extracting by manifest.
339 silly tarball no local data for express-validator@https://registry.npmjs.org/express-validator/-/express-validator-7.3.1.tgz. Extracting by manifest.
340 silly tarball no local data for etag@https://registry.npmjs.org/etag/-/etag-1.8.1.tgz. Extracting by manifest.
341 silly tarball no local data for esutils@https://registry.npmjs.org/esutils/-/esutils-2.0.3.tgz. Extracting by manifest.
342 silly tarball no local data for estraverse@https://registry.npmjs.org/estraverse/-/estraverse-5.3.0.tgz. Extracting by manifest.
343 silly tarball no local data for esrecurse@https://registry.npmjs.org/esrecurse/-/esrecurse-4.3.0.tgz. Extracting by manifest.
344 silly tarball no local data for esquery@https://registry.npmjs.org/esquery/-/esquery-1.7.0.tgz. Extracting by manifest.
345 silly tarball no local data for espree@https://registry.npmjs.org/espree/-/espree-10.4.0.tgz. Extracting by manifest.
346 silly tarball no local data for eslint-plugin-react-refresh@https://registry.npmjs.org/eslint-plugin-react-refresh/-/eslint-plugin-react-refresh-0.4.26.tgz. Extracting by manifest.
347 silly tarball no local data for eslint-plugin-react-hooks@https://registry.npmjs.org/eslint-plugin-react-hooks/-/eslint-plugin-react-hooks-7.0.1.tgz. Extracting by manifest.
348 silly tarball no local data for eslint-visitor-keys@https://registry.npmjs.org/eslint-visitor-keys/-/eslint-visitor-keys-4.2.1.tgz. Extracting by manifest.
349 silly tarball no local data for eslint-scope@https://registry.npmjs.org/eslint-scope/-/eslint-scope-8.4.0.tgz. Extracting by manifest.
350 silly tarball no local data for eslint@https://registry.npmjs.org/eslint/-/eslint-9.39.2.tgz. Extracting by manifest.
351 silly tarball no local data for escape-string-regexp@https://registry.npmjs.org/escape-string-regexp/-/escape-string-regexp-4.0.0.tgz. Extracting by manifest.
352 silly tarball no local data for escalade@https://registry.npmjs.org/escalade/-/escalade-3.2.0.tgz. Extracting by manifest.
353 silly tarball no local data for escape-html@https://registry.npmjs.org/escape-html/-/escape-html-1.0.3.tgz. Extracting by manifest.
354 silly tarball no local data for es-set-tostringtag@https://registry.npmjs.org/es-set-tostringtag/-/es-set-tostringtag-2.1.0.tgz. Extracting by manifest.
355 silly tarball no local data for esbuild@https://registry.npmjs.org/esbuild/-/esbuild-0.27.3.tgz. Extracting by manifest.
356 silly tarball no local data for es-define-property@https://registry.npmjs.org/es-define-property/-/es-define-property-1.0.1.tgz. Extracting by manifest.
357 silly tarball no local data for es-object-atoms@https://registry.npmjs.org/es-object-atoms/-/es-object-atoms-1.1.1.tgz. Extracting by manifest.
358 silly tarball no local data for es-errors@https://registry.npmjs.org/es-errors/-/es-errors-1.3.0.tgz. Extracting by manifest.
359 silly tarball no local data for encodeurl@https://registry.npmjs.org/encodeurl/-/encodeurl-2.0.0.tgz. Extracting by manifest.
360 silly tarball no local data for electron-to-chromium@https://registry.npmjs.org/electron-to-chromium/-/electron-to-chromium-1.5.286.tgz. Extracting by manifest.
361 silly tarball no local data for embla-carousel-react@https://registry.npmjs.org/embla-carousel-react/-/embla-carousel-react-8.6.0.tgz. Extracting by manifest.
362 silly tarball no local data for embla-carousel@https://registry.npmjs.org/embla-carousel/-/embla-carousel-8.6.0.tgz. Extracting by manifest.
363 silly tarball no local data for embla-carousel-reactive-utils@https://registry.npmjs.org/embla-carousel-reactive-utils/-/embla-carousel-reactive-utils-8.6.0.tgz. Extracting by manifest.
364 silly tarball no local data for ee-first@https://registry.npmjs.org/ee-first/-/ee-first-1.1.1.tgz. Extracting by manifest.
365 silly tarball no local data for ecdsa-sig-formatter@https://registry.npmjs.org/ecdsa-sig-formatter/-/ecdsa-sig-formatter-1.0.11.tgz. Extracting by manifest.
366 silly tarball no local data for dom-helpers@https://registry.npmjs.org/dom-helpers/-/dom-helpers-5.2.1.tgz. Extracting by manifest.
367 silly tarball no local data for dunder-proto@https://registry.npmjs.org/dunder-proto/-/dunder-proto-1.0.1.tgz. Extracting by manifest.
368 silly tarball no local data for didyoumean@https://registry.npmjs.org/didyoumean/-/didyoumean-1.2.2.tgz. Extracting by manifest.
369 silly tarball no local data for dlv@https://registry.npmjs.org/dlv/-/dlv-1.1.3.tgz. Extracting by manifest.
370 silly tarball no local data for delayed-stream@https://registry.npmjs.org/delayed-stream/-/delayed-stream-1.0.0.tgz. Extracting by manifest.
371 silly tarball no local data for detect-node-es@https://registry.npmjs.org/detect-node-es/-/detect-node-es-1.1.0.tgz. Extracting by manifest.
372 silly tarball no local data for deep-is@https://registry.npmjs.org/deep-is/-/deep-is-0.1.4.tgz. Extracting by manifest.
373 silly tarball no local data for depd@https://registry.npmjs.org/depd/-/depd-2.0.0.tgz. Extracting by manifest.
374 silly tarball no local data for decimal.js-light@https://registry.npmjs.org/decimal.js-light/-/decimal.js-light-2.5.1.tgz. Extracting by manifest.
375 silly tarball no local data for debug@https://registry.npmjs.org/debug/-/debug-4.4.3.tgz. Extracting by manifest.
376 silly tarball no local data for date-fns-jalali@https://registry.npmjs.org/date-fns-jalali/-/date-fns-jalali-4.1.0-0.tgz. Extracting by manifest.
377 silly tarball no local data for d3-time-format@https://registry.npmjs.org/d3-time-format/-/d3-time-format-4.1.0.tgz. Extracting by manifest.
378 silly tarball no local data for d3-time@https://registry.npmjs.org/d3-time/-/d3-time-3.1.0.tgz. Extracting by manifest.
379 silly tarball no local data for date-fns@https://registry.npmjs.org/date-fns/-/date-fns-4.1.0.tgz. Extracting by manifest.
380 silly tarball no local data for d3-timer@https://registry.npmjs.org/d3-timer/-/d3-timer-3.0.1.tgz. Extracting by manifest.
381 silly tarball no local data for d3-shape@https://registry.npmjs.org/d3-shape/-/d3-shape-3.2.0.tgz. Extracting by manifest.
382 silly tarball no local data for d3-format@https://registry.npmjs.org/d3-format/-/d3-format-3.1.2.tgz. Extracting by manifest.
383 silly tarball no local data for d3-scale@https://registry.npmjs.org/d3-scale/-/d3-scale-4.0.2.tgz. Extracting by manifest.
384 silly tarball no local data for d3-interpolate@https://registry.npmjs.org/d3-interpolate/-/d3-interpolate-3.0.1.tgz. Extracting by manifest.
385 silly tarball no local data for d3-path@https://registry.npmjs.org/d3-path/-/d3-path-3.1.0.tgz. Extracting by manifest.
386 silly tarball no local data for d3-ease@https://registry.npmjs.org/d3-ease/-/d3-ease-3.0.1.tgz. Extracting by manifest.
387 silly tarball no local data for d3-color@https://registry.npmjs.org/d3-color/-/d3-color-3.1.0.tgz. Extracting by manifest.
388 silly tarball no local data for d3-array@https://registry.npmjs.org/d3-array/-/d3-array-3.2.4.tgz. Extracting by manifest.
389 silly tarball no local data for csstype@https://registry.npmjs.org/csstype/-/csstype-3.2.3.tgz. Extracting by manifest.
390 silly tarball no local data for cssesc@https://registry.npmjs.org/cssesc/-/cssesc-3.0.0.tgz. Extracting by manifest.
391 silly tarball no local data for cross-spawn@https://registry.npmjs.org/cross-spawn/-/cross-spawn-7.0.6.tgz. Extracting by manifest.
392 silly tarball no local data for cookie-signature@https://registry.npmjs.org/cookie-signature/-/cookie-signature-1.2.2.tgz. Extracting by manifest.
393 silly tarball no local data for cors@https://registry.npmjs.org/cors/-/cors-2.8.6.tgz. Extracting by manifest.
394 silly tarball no local data for cookie@https://registry.npmjs.org/cookie/-/cookie-1.1.1.tgz. Extracting by manifest.
395 silly tarball no local data for content-type@https://registry.npmjs.org/content-type/-/content-type-1.0.5.tgz. Extracting by manifest.
396 silly tarball no local data for convert-source-map@https://registry.npmjs.org/convert-source-map/-/convert-source-map-2.0.0.tgz. Extracting by manifest.
397 silly tarball no local data for commander@https://registry.npmjs.org/commander/-/commander-4.1.1.tgz. Extracting by manifest.
398 silly tarball no local data for content-disposition@https://registry.npmjs.org/content-disposition/-/content-disposition-1.0.1.tgz. Extracting by manifest.
399 silly tarball no local data for concat-map@https://registry.npmjs.org/concat-map/-/concat-map-0.0.1.tgz. Extracting by manifest.
400 silly tarball no local data for combined-stream@https://registry.npmjs.org/combined-stream/-/combined-stream-1.0.8.tgz. Extracting by manifest.
401 silly tarball no local data for color-convert@https://registry.npmjs.org/color-convert/-/color-convert-2.0.1.tgz. Extracting by manifest.
402 silly tarball no local data for clsx@https://registry.npmjs.org/clsx/-/clsx-2.1.1.tgz. Extracting by manifest.
403 silly tarball no local data for cmdk@https://registry.npmjs.org/cmdk/-/cmdk-1.1.1.tgz. Extracting by manifest.
404 silly tarball no local data for get-intrinsic@https://registry.npmjs.org/get-intrinsic/-/get-intrinsic-1.3.0.tgz. Extracting by manifest.
405 silly tarball no local data for color-name@https://registry.npmjs.org/color-name/-/color-name-1.1.4.tgz. Extracting by manifest.
406 silly tarball no local data for class-variance-authority@https://registry.npmjs.org/class-variance-authority/-/class-variance-authority-0.7.1.tgz. Extracting by manifest.
407 silly tarball no local data for chokidar@https://registry.npmjs.org/chokidar/-/chokidar-3.6.0.tgz. Extracting by manifest.
408 silly tarball no local data for caniuse-lite@https://registry.npmjs.org/caniuse-lite/-/caniuse-lite-1.0.30001769.tgz. Extracting by manifest.
409 silly tarball no local data for camelcase-css@https://registry.npmjs.org/camelcase-css/-/camelcase-css-2.0.1.tgz. Extracting by manifest.
410 silly tarball no local data for chalk@https://registry.npmjs.org/chalk/-/chalk-4.1.2.tgz. Extracting by manifest.
411 silly tarball no local data for call-bound@https://registry.npmjs.org/call-bound/-/call-bound-1.0.4.tgz. Extracting by manifest.
412 silly tarball no local data for call-bind-apply-helpers@https://registry.npmjs.org/call-bind-apply-helpers/-/call-bind-apply-helpers-1.0.2.tgz. Extracting by manifest.
413 silly tarball no local data for callsites@https://registry.npmjs.org/callsites/-/callsites-3.1.0.tgz. Extracting by manifest.
414 silly tarball no local data for browserslist@https://registry.npmjs.org/browserslist/-/browserslist-4.28.1.tgz. Extracting by manifest.
415 silly tarball no local data for bytes@https://registry.npmjs.org/bytes/-/bytes-3.1.2.tgz. Extracting by manifest.
416 silly tarball no local data for buffer-equal-constant-time@https://registry.npmjs.org/buffer-equal-constant-time/-/buffer-equal-constant-time-1.0.1.tgz. Extracting by manifest.
417 silly tarball no local data for braces@https://registry.npmjs.org/braces/-/braces-3.0.3.tgz. Extracting by manifest.
418 silly tarball no local data for binary-extensions@https://registry.npmjs.org/binary-extensions/-/binary-extensions-2.3.0.tgz. Extracting by manifest.
419 silly tarball no local data for bcryptjs@https://registry.npmjs.org/bcryptjs/-/bcryptjs-3.0.3.tgz. Extracting by manifest.
420 silly tarball no local data for body-parser@https://registry.npmjs.org/body-parser/-/body-parser-2.2.2.tgz. Extracting by manifest.
421 silly tarball no local data for brace-expansion@https://registry.npmjs.org/brace-expansion/-/brace-expansion-1.1.12.tgz. Extracting by manifest.
422 silly tarball no local data for autoprefixer@https://registry.npmjs.org/autoprefixer/-/autoprefixer-10.4.24.tgz. Extracting by manifest.
423 silly tarball no local data for axios@https://registry.npmjs.org/axios/-/axios-1.13.5.tgz. Extracting by manifest.
424 silly tarball no local data for baseline-browser-mapping@https://registry.npmjs.org/baseline-browser-mapping/-/baseline-browser-mapping-2.9.19.tgz. Extracting by manifest.
425 silly tarball no local data for balanced-match@https://registry.npmjs.org/balanced-match/-/balanced-match-1.0.2.tgz. Extracting by manifest.
426 silly tarball no local data for asynckit@https://registry.npmjs.org/asynckit/-/asynckit-0.4.0.tgz. Extracting by manifest.
427 silly tarball no local data for aria-hidden@https://registry.npmjs.org/aria-hidden/-/aria-hidden-1.2.6.tgz. Extracting by manifest.
428 silly tarball no local data for argparse@https://registry.npmjs.org/argparse/-/argparse-2.0.1.tgz. Extracting by manifest.
429 silly tarball no local data for arg@https://registry.npmjs.org/arg/-/arg-5.0.2.tgz. Extracting by manifest.
430 silly tarball no local data for anymatch@https://registry.npmjs.org/anymatch/-/anymatch-3.1.3.tgz. Extracting by manifest.
431 silly tarball no local data for any-promise@https://registry.npmjs.org/any-promise/-/any-promise-1.3.0.tgz. Extracting by manifest.
432 silly tarball no local data for ansi-styles@https://registry.npmjs.org/ansi-styles/-/ansi-styles-4.3.0.tgz. Extracting by manifest.
433 silly tarball no local data for acorn-jsx@https://registry.npmjs.org/acorn-jsx/-/acorn-jsx-5.3.2.tgz. Extracting by manifest.
434 silly tarball no local data for ajv@https://registry.npmjs.org/ajv/-/ajv-6.12.6.tgz. Extracting by manifest.
435 silly tarball no local data for @vitejs/plugin-react@https://registry.npmjs.org/@vitejs/plugin-react/-/plugin-react-5.1.3.tgz. Extracting by manifest.
436 silly tarball no local data for accepts@https://registry.npmjs.org/accepts/-/accepts-2.0.0.tgz. Extracting by manifest.
437 silly tarball no local data for @typescript-eslint/visitor-keys@https://registry.npmjs.org/@typescript-eslint/visitor-keys/-/visitor-keys-8.54.0.tgz. Extracting by manifest.
438 silly tarball no local data for @typescript-eslint/utils@https://registry.npmjs.org/@typescript-eslint/utils/-/utils-8.54.0.tgz. Extracting by manifest.
439 silly tarball no local data for acorn@https://registry.npmjs.org/acorn/-/acorn-8.15.0.tgz. Extracting by manifest.
440 silly tarball no local data for @typescript-eslint/typescript-estree@https://registry.npmjs.org/@typescript-eslint/typescript-estree/-/typescript-estree-8.54.0.tgz. Extracting by manifest.
441 silly tarball no local data for @typescript-eslint/types@https://registry.npmjs.org/@typescript-eslint/types/-/types-8.54.0.tgz. Extracting by manifest.
442 silly tarball no local data for @typescript-eslint/parser@https://registry.npmjs.org/@typescript-eslint/parser/-/parser-8.54.0.tgz. Extracting by manifest.
443 silly tarball no local data for @typescript-eslint/type-utils@https://registry.npmjs.org/@typescript-eslint/type-utils/-/type-utils-8.54.0.tgz. Extracting by manifest.
444 silly tarball no local data for @typescript-eslint/tsconfig-utils@https://registry.npmjs.org/@typescript-eslint/tsconfig-utils/-/tsconfig-utils-8.54.0.tgz. Extracting by manifest.
445 silly tarball no local data for @typescript-eslint/scope-manager@https://registry.npmjs.org/@typescript-eslint/scope-manager/-/scope-manager-8.54.0.tgz. Extracting by manifest.
446 silly tarball no local data for @typescript-eslint/project-service@https://registry.npmjs.org/@typescript-eslint/project-service/-/project-service-8.54.0.tgz. Extracting by manifest.
447 silly tarball no local data for @types/react@https://registry.npmjs.org/@types/react/-/react-19.2.13.tgz. Extracting by manifest.
448 silly tarball no local data for @typescript-eslint/eslint-plugin@https://registry.npmjs.org/@typescript-eslint/eslint-plugin/-/eslint-plugin-8.54.0.tgz. Extracting by manifest.
449 silly tarball no local data for @types/react-dom@https://registry.npmjs.org/@types/react-dom/-/react-dom-19.2.3.tgz. Extracting by manifest.
450 silly tarball no local data for @types/lodash@https://registry.npmjs.org/@types/lodash/-/lodash-4.17.23.tgz. Extracting by manifest.
451 silly tarball no local data for @types/leaflet@https://registry.npmjs.org/@types/leaflet/-/leaflet-1.9.21.tgz. Extracting by manifest.
452 silly tarball no local data for @types/node@https://registry.npmjs.org/@types/node/-/node-24.10.12.tgz. Extracting by manifest.
453 silly tarball no local data for @types/geojson@https://registry.npmjs.org/@types/geojson/-/geojson-7946.0.16.tgz. Extracting by manifest.
454 silly tarball no local data for @types/json-schema@https://registry.npmjs.org/@types/json-schema/-/json-schema-7.0.15.tgz. Extracting by manifest.
455 silly tarball no local data for @types/estree@https://registry.npmjs.org/@types/estree/-/estree-1.0.8.tgz. Extracting by manifest.
456 silly tarball no local data for @types/d3-scale@https://registry.npmjs.org/@types/d3-scale/-/d3-scale-4.0.9.tgz. Extracting by manifest.
457 silly tarball no local data for @types/d3-timer@https://registry.npmjs.org/@types/d3-timer/-/d3-timer-3.0.2.tgz. Extracting by manifest.
458 silly tarball no local data for @types/d3-time@https://registry.npmjs.org/@types/d3-time/-/d3-time-3.0.4.tgz. Extracting by manifest.
459 silly tarball no local data for @types/d3-shape@https://registry.npmjs.org/@types/d3-shape/-/d3-shape-3.1.8.tgz. Extracting by manifest.
460 silly tarball no local data for @types/d3-path@https://registry.npmjs.org/@types/d3-path/-/d3-path-3.1.1.tgz. Extracting by manifest.
461 silly tarball no local data for @types/d3-interpolate@https://registry.npmjs.org/@types/d3-interpolate/-/d3-interpolate-3.0.4.tgz. Extracting by manifest.
462 silly tarball no local data for @types/d3-color@https://registry.npmjs.org/@types/d3-color/-/d3-color-3.1.3.tgz. Extracting by manifest.
463 silly tarball no local data for @types/d3-ease@https://registry.npmjs.org/@types/d3-ease/-/d3-ease-3.0.2.tgz. Extracting by manifest.
464 silly tarball no local data for @types/babel__traverse@https://registry.npmjs.org/@types/babel__traverse/-/babel__traverse-7.28.0.tgz. Extracting by manifest.
465 silly tarball no local data for @types/d3-array@https://registry.npmjs.org/@types/d3-array/-/d3-array-3.2.2.tgz. Extracting by manifest.
466 silly tarball no local data for @types/babel__generator@https://registry.npmjs.org/@types/babel__generator/-/babel__generator-7.27.0.tgz. Extracting by manifest.
467 silly tarball no local data for @types/babel__core@https://registry.npmjs.org/@types/babel__core/-/babel__core-7.20.5.tgz. Extracting by manifest.
468 silly tarball no local data for @types/babel__template@https://registry.npmjs.org/@types/babel__template/-/babel__template-7.4.4.tgz. Extracting by manifest.
469 silly tarball no local data for @rolldown/pluginutils@https://registry.npmjs.org/@rolldown/pluginutils/-/pluginutils-1.0.0-rc.2.tgz. Extracting by manifest.
470 silly tarball no local data for @rollup/rollup-win32-x64-msvc@https://registry.npmjs.org/@rollup/rollup-win32-x64-msvc/-/rollup-win32-x64-msvc-4.57.1.tgz. Extracting by manifest.
471 silly tarball no local data for @standard-schema/utils@https://registry.npmjs.org/@standard-schema/utils/-/utils-0.3.0.tgz. Extracting by manifest.
472 silly tarball no local data for @radix-ui/react-visually-hidden@https://registry.npmjs.org/@radix-ui/react-visually-hidden/-/react-visually-hidden-1.2.3.tgz. Extracting by manifest.
473 silly tarball no local data for @rollup/rollup-win32-x64-gnu@https://registry.npmjs.org/@rollup/rollup-win32-x64-gnu/-/rollup-win32-x64-gnu-4.57.1.tgz. Extracting by manifest.
474 silly tarball no local data for @react-leaflet/core@https://registry.npmjs.org/@react-leaflet/core/-/core-3.0.0.tgz. Extracting by manifest.
475 silly tarball no local data for @radix-ui/react-use-size@https://registry.npmjs.org/@radix-ui/react-use-size/-/react-use-size-1.1.1.tgz. Extracting by manifest.
476 silly tarball no local data for @radix-ui/rect@https://registry.npmjs.org/@radix-ui/rect/-/rect-1.1.1.tgz. Extracting by manifest.
477 silly tarball no local data for @radix-ui/react-use-rect@https://registry.npmjs.org/@radix-ui/react-use-rect/-/react-use-rect-1.1.1.tgz. Extracting by manifest.
478 silly tarball no local data for @radix-ui/react-use-layout-effect@https://registry.npmjs.org/@radix-ui/react-use-layout-effect/-/react-use-layout-effect-1.1.1.tgz. Extracting by manifest.
479 silly tarball no local data for @radix-ui/react-use-previous@https://registry.npmjs.org/@radix-ui/react-use-previous/-/react-use-previous-1.1.1.tgz. Extracting by manifest.
480 silly tarball no local data for @radix-ui/react-use-is-hydrated@https://registry.npmjs.org/@radix-ui/react-use-is-hydrated/-/react-use-is-hydrated-0.1.0.tgz. Extracting by manifest.
481 silly tarball no local data for @radix-ui/react-use-effect-event@https://registry.npmjs.org/@radix-ui/react-use-effect-event/-/react-use-effect-event-0.0.2.tgz. Extracting by manifest.
482 silly tarball no local data for @radix-ui/react-use-escape-keydown@https://registry.npmjs.org/@radix-ui/react-use-escape-keydown/-/react-use-escape-keydown-1.1.1.tgz. Extracting by manifest.
483 silly tarball no local data for @radix-ui/react-use-controllable-state@https://registry.npmjs.org/@radix-ui/react-use-controllable-state/-/react-use-controllable-state-1.2.2.tgz. Extracting by manifest.
484 silly tarball no local data for @radix-ui/react-tooltip@https://registry.npmjs.org/@radix-ui/react-tooltip/-/react-tooltip-1.2.8.tgz. Extracting by manifest.
485 silly tarball no local data for @radix-ui/react-switch@https://registry.npmjs.org/@radix-ui/react-switch/-/react-switch-1.2.6.tgz. Extracting by manifest.
486 silly tarball no local data for @radix-ui/react-toggle@https://registry.npmjs.org/@radix-ui/react-toggle/-/react-toggle-1.1.10.tgz. Extracting by manifest.
487 silly tarball no local data for @radix-ui/react-use-callback-ref@https://registry.npmjs.org/@radix-ui/react-use-callback-ref/-/react-use-callback-ref-1.1.1.tgz. Extracting by manifest.
488 silly tarball no local data for @radix-ui/react-toggle-group@https://registry.npmjs.org/@radix-ui/react-toggle-group/-/react-toggle-group-1.1.11.tgz. Extracting by manifest.
489 silly tarball no local data for @radix-ui/react-tabs@https://registry.npmjs.org/@radix-ui/react-tabs/-/react-tabs-1.1.13.tgz. Extracting by manifest.
490 silly tarball no local data for @radix-ui/react-slot@https://registry.npmjs.org/@radix-ui/react-slot/-/react-slot-1.2.4.tgz. Extracting by manifest.
491 silly tarball no local data for @radix-ui/react-slider@https://registry.npmjs.org/@radix-ui/react-slider/-/react-slider-1.3.6.tgz. Extracting by manifest.
492 silly tarball no local data for @radix-ui/react-scroll-area@https://registry.npmjs.org/@radix-ui/react-scroll-area/-/react-scroll-area-1.2.10.tgz. Extracting by manifest.
493 silly tarball no local data for @radix-ui/react-radio-group@https://registry.npmjs.org/@radix-ui/react-radio-group/-/react-radio-group-1.3.8.tgz. Extracting by manifest.
494 silly tarball no local data for @radix-ui/react-select@https://registry.npmjs.org/@radix-ui/react-select/-/react-select-2.2.6.tgz. Extracting by manifest.
495 silly tarball no local data for @radix-ui/react-separator@https://registry.npmjs.org/@radix-ui/react-separator/-/react-separator-1.1.8.tgz. Extracting by manifest.
496 silly tarball no local data for @radix-ui/react-roving-focus@https://registry.npmjs.org/@radix-ui/react-roving-focus/-/react-roving-focus-1.1.11.tgz. Extracting by manifest.
497 silly tarball no local data for @radix-ui/react-progress@https://registry.npmjs.org/@radix-ui/react-progress/-/react-progress-1.1.8.tgz. Extracting by manifest.
498 silly tarball no local data for @radix-ui/react-primitive@https://registry.npmjs.org/@radix-ui/react-primitive/-/react-primitive-2.1.3.tgz. Extracting by manifest.
499 silly tarball no local data for @radix-ui/react-popper@https://registry.npmjs.org/@radix-ui/react-popper/-/react-popper-1.2.8.tgz. Extracting by manifest.
500 silly tarball no local data for @radix-ui/react-popover@https://registry.npmjs.org/@radix-ui/react-popover/-/react-popover-1.1.15.tgz. Extracting by manifest.
501 silly tarball no local data for @radix-ui/react-presence@https://registry.npmjs.org/@radix-ui/react-presence/-/react-presence-1.1.5.tgz. Extracting by manifest.
502 silly tarball no local data for @radix-ui/react-navigation-menu@https://registry.npmjs.org/@radix-ui/react-navigation-menu/-/react-navigation-menu-1.2.14.tgz. Extracting by manifest.
503 silly tarball no local data for @radix-ui/react-portal@https://registry.npmjs.org/@radix-ui/react-portal/-/react-portal-1.1.9.tgz. Extracting by manifest.
504 silly tarball no local data for @radix-ui/react-menubar@https://registry.npmjs.org/@radix-ui/react-menubar/-/react-menubar-1.1.16.tgz. Extracting by manifest.
505 silly tarball no local data for @radix-ui/react-label@https://registry.npmjs.org/@radix-ui/react-label/-/react-label-2.1.8.tgz. Extracting by manifest.
506 silly tarball no local data for @radix-ui/react-menu@https://registry.npmjs.org/@radix-ui/react-menu/-/react-menu-2.1.16.tgz. Extracting by manifest.
507 silly tarball no local data for @radix-ui/react-id@https://registry.npmjs.org/@radix-ui/react-id/-/react-id-1.1.1.tgz. Extracting by manifest.
508 silly tarball no local data for @radix-ui/react-hover-card@https://registry.npmjs.org/@radix-ui/react-hover-card/-/react-hover-card-1.1.15.tgz. Extracting by manifest.
509 silly tarball no local data for @radix-ui/react-dismissable-layer@https://registry.npmjs.org/@radix-ui/react-dismissable-layer/-/react-dismissable-layer-1.1.11.tgz. Extracting by manifest.
510 silly tarball no local data for @radix-ui/react-focus-scope@https://registry.npmjs.org/@radix-ui/react-focus-scope/-/react-focus-scope-1.1.7.tgz. Extracting by manifest.
511 silly tarball no local data for @radix-ui/react-focus-guards@https://registry.npmjs.org/@radix-ui/react-focus-guards/-/react-focus-guards-1.1.3.tgz. Extracting by manifest.
512 silly tarball no local data for @radix-ui/react-direction@https://registry.npmjs.org/@radix-ui/react-direction/-/react-direction-1.1.1.tgz. Extracting by manifest.
513 silly tarball no local data for @radix-ui/react-dropdown-menu@https://registry.npmjs.org/@radix-ui/react-dropdown-menu/-/react-dropdown-menu-2.1.16.tgz. Extracting by manifest.
514 silly tarball no local data for @radix-ui/react-context@https://registry.npmjs.org/@radix-ui/react-context/-/react-context-1.1.2.tgz. Extracting by manifest.
515 silly tarball no local data for @radix-ui/react-context-menu@https://registry.npmjs.org/@radix-ui/react-context-menu/-/react-context-menu-2.2.16.tgz. Extracting by manifest.
516 silly tarball no local data for @radix-ui/react-dialog@https://registry.npmjs.org/@radix-ui/react-dialog/-/react-dialog-1.1.15.tgz. Extracting by manifest.
517 silly tarball no local data for @radix-ui/react-collapsible@https://registry.npmjs.org/@radix-ui/react-collapsible/-/react-collapsible-1.1.12.tgz. Extracting by manifest.
518 silly tarball no local data for @radix-ui/react-compose-refs@https://registry.npmjs.org/@radix-ui/react-compose-refs/-/react-compose-refs-1.1.2.tgz. Extracting by manifest.
519 silly tarball no local data for @radix-ui/react-collection@https://registry.npmjs.org/@radix-ui/react-collection/-/react-collection-1.1.7.tgz. Extracting by manifest.
520 silly tarball no local data for @radix-ui/react-avatar@https://registry.npmjs.org/@radix-ui/react-avatar/-/react-avatar-1.1.11.tgz. Extracting by manifest.
521 silly tarball no local data for @radix-ui/react-aspect-ratio@https://registry.npmjs.org/@radix-ui/react-aspect-ratio/-/react-aspect-ratio-1.1.8.tgz. Extracting by manifest.
522 silly tarball no local data for @radix-ui/react-arrow@https://registry.npmjs.org/@radix-ui/react-arrow/-/react-arrow-1.1.7.tgz. Extracting by manifest.
523 silly tarball no local data for @radix-ui/react-checkbox@https://registry.npmjs.org/@radix-ui/react-checkbox/-/react-checkbox-1.3.3.tgz. Extracting by manifest.
524 silly tarball no local data for @radix-ui/react-accordion@https://registry.npmjs.org/@radix-ui/react-accordion/-/react-accordion-1.2.12.tgz. Extracting by manifest.
525 silly tarball no local data for @nodelib/fs.walk@https://registry.npmjs.org/@nodelib/fs.walk/-/fs.walk-1.2.8.tgz. Extracting by manifest.
526 silly tarball no local data for @radix-ui/react-alert-dialog@https://registry.npmjs.org/@radix-ui/react-alert-dialog/-/react-alert-dialog-1.1.15.tgz. Extracting by manifest.
527 silly tarball no local data for @radix-ui/primitive@https://registry.npmjs.org/@radix-ui/primitive/-/primitive-1.1.3.tgz. Extracting by manifest.
528 silly tarball no local data for @nodelib/fs.scandir@https://registry.npmjs.org/@nodelib/fs.scandir/-/fs.scandir-2.1.5.tgz. Extracting by manifest.
529 silly tarball no local data for @nodelib/fs.stat@https://registry.npmjs.org/@nodelib/fs.stat/-/fs.stat-2.0.5.tgz. Extracting by manifest.
530 silly tarball no local data for @radix-ui/number@https://registry.npmjs.org/@radix-ui/number/-/number-1.1.1.tgz. Extracting by manifest.
531 silly tarball no local data for @jridgewell/trace-mapping@https://registry.npmjs.org/@jridgewell/trace-mapping/-/trace-mapping-0.3.31.tgz. Extracting by manifest.
532 silly tarball no local data for @jridgewell/sourcemap-codec@https://registry.npmjs.org/@jridgewell/sourcemap-codec/-/sourcemap-codec-1.5.5.tgz. Extracting by manifest.
533 silly tarball no local data for @jridgewell/resolve-uri@https://registry.npmjs.org/@jridgewell/resolve-uri/-/resolve-uri-3.1.2.tgz. Extracting by manifest.
534 silly tarball no local data for @humanwhocodes/module-importer@https://registry.npmjs.org/@humanwhocodes/module-importer/-/module-importer-1.0.1.tgz. Extracting by manifest.
535 silly tarball no local data for @humanwhocodes/retry@https://registry.npmjs.org/@humanwhocodes/retry/-/retry-0.4.3.tgz. Extracting by manifest.
536 silly tarball no local data for @jridgewell/gen-mapping@https://registry.npmjs.org/@jridgewell/gen-mapping/-/gen-mapping-0.3.13.tgz. Extracting by manifest.
537 silly tarball no local data for @jridgewell/remapping@https://registry.npmjs.org/@jridgewell/remapping/-/remapping-2.3.5.tgz. Extracting by manifest.
538 silly tarball no local data for @floating-ui/utils@https://registry.npmjs.org/@floating-ui/utils/-/utils-0.2.10.tgz. Extracting by manifest.
539 silly tarball no local data for @humanfs/core@https://registry.npmjs.org/@humanfs/core/-/core-0.19.1.tgz. Extracting by manifest.
540 silly tarball no local data for @humanfs/node@https://registry.npmjs.org/@humanfs/node/-/node-0.16.7.tgz. Extracting by manifest.
541 silly tarball no local data for @floating-ui/react-dom@https://registry.npmjs.org/@floating-ui/react-dom/-/react-dom-2.1.7.tgz. Extracting by manifest.
542 silly tarball no local data for @eslint/plugin-kit@https://registry.npmjs.org/@eslint/plugin-kit/-/plugin-kit-0.4.1.tgz. Extracting by manifest.
543 silly tarball no local data for @floating-ui/dom@https://registry.npmjs.org/@floating-ui/dom/-/dom-1.7.5.tgz. Extracting by manifest.
544 silly tarball no local data for @floating-ui/core@https://registry.npmjs.org/@floating-ui/core/-/core-1.7.4.tgz. Extracting by manifest.
545 silly tarball no local data for @eslint/js@https://registry.npmjs.org/@eslint/js/-/js-9.39.2.tgz. Extracting by manifest.
546 silly tarball no local data for @hookform/resolvers@https://registry.npmjs.org/@hookform/resolvers/-/resolvers-5.2.2.tgz. Extracting by manifest.
547 silly tarball no local data for @eslint/object-schema@https://registry.npmjs.org/@eslint/object-schema/-/object-schema-2.1.7.tgz. Extracting by manifest.
548 silly tarball no local data for @eslint-community/regexpp@https://registry.npmjs.org/@eslint-community/regexpp/-/regexpp-4.12.2.tgz. Extracting by manifest.
549 silly tarball no local data for @eslint/config-helpers@https://registry.npmjs.org/@eslint/config-helpers/-/config-helpers-0.4.2.tgz. Extracting by manifest.
550 silly tarball no local data for @eslint/config-array@https://registry.npmjs.org/@eslint/config-array/-/config-array-0.21.1.tgz. Extracting by manifest.
551 silly tarball no local data for @eslint/core@https://registry.npmjs.org/@eslint/core/-/core-0.17.0.tgz. Extracting by manifest.
552 silly tarball no local data for @eslint-community/eslint-utils@https://registry.npmjs.org/@eslint-community/eslint-utils/-/eslint-utils-4.9.1.tgz. Extracting by manifest.
553 silly tarball no local data for @eslint/eslintrc@https://registry.npmjs.org/@eslint/eslintrc/-/eslintrc-3.3.3.tgz. Extracting by manifest.
554 silly tarball no local data for @esbuild/win32-x64@https://registry.npmjs.org/@esbuild/win32-x64/-/win32-x64-0.27.3.tgz. Extracting by manifest.
555 silly tarball no local data for @babel/traverse@https://registry.npmjs.org/@babel/traverse/-/traverse-7.29.0.tgz. Extracting by manifest.
556 silly tarball no local data for @date-fns/tz@https://registry.npmjs.org/@date-fns/tz/-/tz-1.4.1.tgz. Extracting by manifest.
557 silly tarball no local data for @babel/template@https://registry.npmjs.org/@babel/template/-/template-7.28.6.tgz. Extracting by manifest.
558 silly tarball no local data for @babel/runtime@https://registry.npmjs.org/@babel/runtime/-/runtime-7.28.6.tgz. Extracting by manifest.
559 silly tarball no local data for @babel/types@https://registry.npmjs.org/@babel/types/-/types-7.29.0.tgz. Extracting by manifest.
560 silly tarball no local data for @babel/plugin-transform-react-jsx-source@https://registry.npmjs.org/@babel/plugin-transform-react-jsx-source/-/plugin-transform-react-jsx-source-7.27.1.tgz. Extracting by manifest.
561 silly tarball no local data for @babel/plugin-transform-react-jsx-self@https://registry.npmjs.org/@babel/plugin-transform-react-jsx-self/-/plugin-transform-react-jsx-self-7.27.1.tgz. Extracting by manifest.
562 silly tarball no local data for @babel/parser@https://registry.npmjs.org/@babel/parser/-/parser-7.29.0.tgz. Extracting by manifest.
563 silly tarball no local data for @babel/helper-validator-option@https://registry.npmjs.org/@babel/helper-validator-option/-/helper-validator-option-7.27.1.tgz. Extracting by manifest.
564 silly tarball no local data for @babel/helper-string-parser@https://registry.npmjs.org/@babel/helper-string-parser/-/helper-string-parser-7.27.1.tgz. Extracting by manifest.
565 silly tarball no local data for @babel/helper-validator-identifier@https://registry.npmjs.org/@babel/helper-validator-identifier/-/helper-validator-identifier-7.28.5.tgz. Extracting by manifest.
566 silly tarball no local data for @babel/helper-plugin-utils@https://registry.npmjs.org/@babel/helper-plugin-utils/-/helper-plugin-utils-7.28.6.tgz. Extracting by manifest.
567 silly tarball no local data for @babel/helpers@https://registry.npmjs.org/@babel/helpers/-/helpers-7.28.6.tgz. Extracting by manifest.
568 silly tarball no local data for @babel/helper-module-imports@https://registry.npmjs.org/@babel/helper-module-imports/-/helper-module-imports-7.28.6.tgz. Extracting by manifest.
569 silly tarball no local data for @babel/helper-globals@https://registry.npmjs.org/@babel/helper-globals/-/helper-globals-7.28.0.tgz. Extracting by manifest.
570 silly tarball no local data for @babel/helper-module-transforms@https://registry.npmjs.org/@babel/helper-module-transforms/-/helper-module-transforms-7.28.6.tgz. Extracting by manifest.
571 silly tarball no local data for @babel/generator@https://registry.npmjs.org/@babel/generator/-/generator-7.29.1.tgz. Extracting by manifest.
572 silly tarball no local data for @babel/core@https://registry.npmjs.org/@babel/core/-/core-7.29.0.tgz. Extracting by manifest.
573 silly tarball no local data for @babel/compat-data@https://registry.npmjs.org/@babel/compat-data/-/compat-data-7.29.0.tgz. Extracting by manifest.
574 silly tarball no local data for @babel/helper-compilation-targets@https://registry.npmjs.org/@babel/helper-compilation-targets/-/helper-compilation-targets-7.28.6.tgz. Extracting by manifest.
575 silly tarball no local data for @babel/code-frame@https://registry.npmjs.org/@babel/code-frame/-/code-frame-7.29.0.tgz. Extracting by manifest.
576 silly tarball no local data for picomatch@https://registry.npmjs.org/picomatch/-/picomatch-4.0.3.tgz. Extracting by manifest.
577 silly tarball no local data for picomatch@https://registry.npmjs.org/picomatch/-/picomatch-4.0.3.tgz. Extracting by manifest.
578 silly tarball no local data for fdir@https://registry.npmjs.org/fdir/-/fdir-6.5.0.tgz. Extracting by manifest.
579 silly tarball no local data for @alloc/quick-lru@https://registry.npmjs.org/@alloc/quick-lru/-/quick-lru-5.2.0.tgz. Extracting by manifest.
580 silly tarball no local data for mime-types@https://registry.npmjs.org/mime-types/-/mime-types-3.0.2.tgz. Extracting by manifest.
581 silly tarball no local data for fdir@https://registry.npmjs.org/fdir/-/fdir-6.5.0.tgz. Extracting by manifest.
582 silly tarball no local data for mime-types@https://registry.npmjs.org/mime-types/-/mime-types-3.0.2.tgz. Extracting by manifest.
583 silly tarball no local data for mime-db@https://registry.npmjs.org/mime-db/-/mime-db-1.54.0.tgz. Extracting by manifest.
584 silly tarball no local data for mime-db@https://registry.npmjs.org/mime-db/-/mime-db-1.54.0.tgz. Extracting by manifest.
585 silly tarball no local data for glob-parent@https://registry.npmjs.org/glob-parent/-/glob-parent-5.1.2.tgz. Extracting by manifest.
586 silly tarball no local data for semver@https://registry.npmjs.org/semver/-/semver-7.7.4.tgz. Extracting by manifest.
587 silly tarball no local data for glob-parent@https://registry.npmjs.org/glob-parent/-/glob-parent-5.1.2.tgz. Extracting by manifest.
588 silly tarball no local data for react-is@https://registry.npmjs.org/react-is/-/react-is-16.13.1.tgz. Extracting by manifest.
589 silly tarball no local data for semver@https://registry.npmjs.org/semver/-/semver-7.7.4.tgz. Extracting by manifest.
590 silly tarball no local data for mime-types@https://registry.npmjs.org/mime-types/-/mime-types-3.0.2.tgz. Extracting by manifest.
591 silly tarball no local data for mime-types@https://registry.npmjs.org/mime-types/-/mime-types-3.0.2.tgz. Extracting by manifest.
592 silly tarball no local data for cookie@https://registry.npmjs.org/cookie/-/cookie-0.7.2.tgz. Extracting by manifest.
593 silly tarball no local data for mime-db@https://registry.npmjs.org/mime-db/-/mime-db-1.54.0.tgz. Extracting by manifest.
594 silly tarball no local data for minimatch@https://registry.npmjs.org/minimatch/-/minimatch-9.0.5.tgz. Extracting by manifest.
595 silly tarball no local data for mime-db@https://registry.npmjs.org/mime-db/-/mime-db-1.54.0.tgz. Extracting by manifest.
596 silly tarball no local data for ignore@https://registry.npmjs.org/ignore/-/ignore-7.0.5.tgz. Extracting by manifest.
597 silly tarball no local data for brace-expansion@https://registry.npmjs.org/brace-expansion/-/brace-expansion-2.0.2.tgz. Extracting by manifest.
598 silly tarball no local data for @radix-ui/react-slot@https://registry.npmjs.org/@radix-ui/react-slot/-/react-slot-1.2.3.tgz. Extracting by manifest.
599 silly tarball no local data for @radix-ui/react-primitive@https://registry.npmjs.org/@radix-ui/react-primitive/-/react-primitive-2.1.4.tgz. Extracting by manifest.
600 silly tarball no local data for @radix-ui/react-slot@https://registry.npmjs.org/@radix-ui/react-slot/-/react-slot-1.2.3.tgz. Extracting by manifest.
601 silly tarball no local data for @radix-ui/react-context@https://registry.npmjs.org/@radix-ui/react-context/-/react-context-1.1.3.tgz. Extracting by manifest.
602 silly tarball no local data for @radix-ui/react-slot@https://registry.npmjs.org/@radix-ui/react-slot/-/react-slot-1.2.3.tgz. Extracting by manifest.
603 silly tarball no local data for @radix-ui/react-primitive@https://registry.npmjs.org/@radix-ui/react-primitive/-/react-primitive-2.1.4.tgz. Extracting by manifest.
604 silly tarball no local data for @radix-ui/react-slot@https://registry.npmjs.org/@radix-ui/react-slot/-/react-slot-1.2.3.tgz. Extracting by manifest.
605 silly tarball no local data for @radix-ui/react-primitive@https://registry.npmjs.org/@radix-ui/react-primitive/-/react-primitive-2.1.4.tgz. Extracting by manifest.
606 silly tarball no local data for @radix-ui/react-slot@https://registry.npmjs.org/@radix-ui/react-slot/-/react-slot-1.2.3.tgz. Extracting by manifest.
607 silly tarball no local data for @radix-ui/react-context@https://registry.npmjs.org/@radix-ui/react-context/-/react-context-1.1.3.tgz. Extracting by manifest.
608 silly tarball no local data for @radix-ui/react-slot@https://registry.npmjs.org/@radix-ui/react-slot/-/react-slot-1.2.3.tgz. Extracting by manifest.
609 silly tarball no local data for @radix-ui/react-primitive@https://registry.npmjs.org/@radix-ui/react-primitive/-/react-primitive-2.1.4.tgz. Extracting by manifest.
610 silly tarball no local data for @radix-ui/react-slot@https://registry.npmjs.org/@radix-ui/react-slot/-/react-slot-1.2.3.tgz. Extracting by manifest.
611 silly tarball no local data for @radix-ui/react-slot@https://registry.npmjs.org/@radix-ui/react-slot/-/react-slot-1.2.3.tgz. Extracting by manifest.
612 silly tarball no local data for globals@https://registry.npmjs.org/globals/-/globals-14.0.0.tgz. Extracting by manifest.
613 silly tarball no local data for @radix-ui/react-primitive@https://registry.npmjs.org/@radix-ui/react-primitive/-/react-primitive-2.1.4.tgz. Extracting by manifest.
614 silly tarball no local data for eslint-visitor-keys@https://registry.npmjs.org/eslint-visitor-keys/-/eslint-visitor-keys-3.4.3.tgz. Extracting by manifest.
615 http fetch POST 200 https://registry.npmjs.org/-/npm/v1/security/advisories/bulk 1698ms
616 silly audit report {}
617 http fetch GET 200 https://registry.npmjs.org/yocto-queue/-/yocto-queue-0.1.0.tgz 1598ms (cache miss)
618 http fetch GET 200 https://registry.npmjs.org/use-sidecar/-/use-sidecar-1.1.3.tgz 1587ms (cache miss)
619 http fetch GET 200 https://registry.npmjs.org/wrappy/-/wrappy-1.0.2.tgz 1643ms (cache miss)
620 http fetch GET 200 https://registry.npmjs.org/xtend/-/xtend-4.0.2.tgz 1688ms (cache miss)
621 http fetch GET 200 https://registry.npmjs.org/vary/-/vary-1.1.2.tgz 1716ms (cache miss)
622 http fetch GET 200 https://registry.npmjs.org/word-wrap/-/word-wrap-1.2.5.tgz 1720ms (cache miss)
623 http fetch GET 200 https://registry.npmjs.org/unpipe/-/unpipe-1.0.0.tgz 1724ms (cache miss)
624 http fetch GET 200 https://registry.npmjs.org/yallist/-/yallist-3.1.1.tgz 1764ms (cache miss)
625 http fetch GET 200 https://registry.npmjs.org/util-deprecate/-/util-deprecate-1.0.2.tgz 1761ms (cache miss)
626 http fetch GET 200 https://registry.npmjs.org/which/-/which-2.0.2.tgz 1825ms (cache miss)
627 http fetch GET 200 https://registry.npmjs.org/thenify-all/-/thenify-all-1.6.0.tgz 1837ms (cache miss)
628 http fetch GET 200 https://registry.npmjs.org/thenify/-/thenify-3.3.1.tgz 1880ms (cache miss)
629 http fetch GET 200 https://registry.npmjs.org/tailwindcss-animate/-/tailwindcss-animate-1.0.7.tgz 1887ms (cache miss)
630 http fetch GET 200 https://registry.npmjs.org/toidentifier/-/toidentifier-1.0.1.tgz 1890ms (cache miss)
631 http fetch GET 200 https://registry.npmjs.org/supports-color/-/supports-color-7.2.0.tgz 1899ms (cache miss)
632 http fetch GET 200 https://registry.npmjs.org/update-browserslist-db/-/update-browserslist-db-1.2.3.tgz 1941ms (cache miss)
633 http fetch GET 200 https://registry.npmjs.org/strip-json-comments/-/strip-json-comments-3.1.1.tgz 1982ms (cache miss)
634 http fetch GET 200 https://registry.npmjs.org/tinyglobby/-/tinyglobby-0.2.15.tgz 2040ms (cache miss)
635 http fetch GET 200 https://registry.npmjs.org/statuses/-/statuses-2.0.2.tgz 2030ms (cache miss)
636 http fetch GET 200 https://registry.npmjs.org/side-channel-weakmap/-/side-channel-weakmap-1.0.2.tgz 2026ms (cache miss)
637 http fetch GET 200 https://registry.npmjs.org/to-regex-range/-/to-regex-range-5.0.1.tgz 2048ms (cache miss)
638 http fetch GET 200 https://registry.npmjs.org/split2/-/split2-4.2.0.tgz 2053ms (cache miss)
639 http fetch GET 200 https://registry.npmjs.org/type-is/-/type-is-2.0.1.tgz 2109ms (cache miss)
640 http fetch GET 200 https://registry.npmjs.org/shebang-regex/-/shebang-regex-3.0.0.tgz 2173ms (cache miss)
641 http fetch GET 200 https://registry.npmjs.org/type-check/-/type-check-0.4.0.tgz 2207ms (cache miss)
642 http fetch GET 200 https://registry.npmjs.org/shebang-command/-/shebang-command-2.0.0.tgz 2189ms (cache miss)
643 http fetch GET 200 https://registry.npmjs.org/tw-animate-css/-/tw-animate-css-1.4.0.tgz 2223ms (cache miss)
644 http fetch GET 200 https://registry.npmjs.org/send/-/send-1.2.1.tgz 2235ms (cache miss)
645 http fetch GET 200 https://registry.npmjs.org/typescript-eslint/-/typescript-eslint-8.54.0.tgz 2377ms (cache miss)
646 http fetch GET 200 https://registry.npmjs.org/safer-buffer/-/safer-buffer-2.1.2.tgz 2351ms (cache miss)
647 http fetch GET 200 https://registry.npmjs.org/setprototypeof/-/setprototypeof-1.2.0.tgz 2378ms (cache miss)
648 http fetch GET 200 https://registry.npmjs.org/safe-buffer/-/safe-buffer-5.2.1.tgz 2373ms (cache miss)
649 http fetch GET 200 https://registry.npmjs.org/run-parallel/-/run-parallel-1.2.0.tgz 2389ms (cache miss)
650 http fetch GET 200 https://registry.npmjs.org/react-router-dom/-/react-router-dom-7.13.0.tgz 2401ms (cache miss)
651 http fetch GET 200 https://registry.npmjs.org/resolve-from/-/resolve-from-4.0.0.tgz 2413ms (cache miss)
652 http fetch GET 200 https://registry.npmjs.org/set-cookie-parser/-/set-cookie-parser-2.7.2.tgz 2480ms (cache miss)
653 http fetch GET 200 https://registry.npmjs.org/ts-interface-checker/-/ts-interface-checker-0.1.13.tgz 2517ms (cache miss)
654 http fetch GET 200 https://registry.npmjs.org/read-cache/-/read-cache-1.0.0.tgz 2489ms (cache miss)
655 http fetch GET 200 https://registry.npmjs.org/readdirp/-/readdirp-3.6.0.tgz 2520ms (cache miss)
656 http fetch GET 200 https://registry.npmjs.org/supports-preserve-symlinks-flag/-/supports-preserve-symlinks-flag-1.0.0.tgz 2559ms (cache miss)
657 http fetch GET 200 https://registry.npmjs.org/raw-body/-/raw-body-3.0.2.tgz 2533ms (cache miss)
658 http fetch GET 200 https://registry.npmjs.org/tiny-invariant/-/tiny-invariant-1.3.3.tgz 2706ms (cache miss)
659 http fetch GET 200 https://registry.npmjs.org/queue-microtask/-/queue-microtask-1.2.3.tgz 2655ms (cache miss)
660 http fetch GET 200 https://registry.npmjs.org/serve-static/-/serve-static-2.2.1.tgz 2740ms (cache miss)
661 http fetch GET 200 https://registry.npmjs.org/vaul/-/vaul-1.1.2.tgz 2873ms (cache miss)
662 http fetch GET 200 https://registry.npmjs.org/range-parser/-/range-parser-1.2.1.tgz 2775ms (cache miss)
663 http fetch GET 200 https://registry.npmjs.org/semver/-/semver-6.3.1.tgz 2854ms (cache miss)
664 http fetch GET 200 https://registry.npmjs.org/proxy-from-env/-/proxy-from-env-1.1.0.tgz 2812ms (cache miss)
665 http fetch GET 200 https://registry.npmjs.org/proxy-addr/-/proxy-addr-2.0.7.tgz 2817ms (cache miss)
666 http fetch GET 200 https://registry.npmjs.org/postgres-date/-/postgres-date-1.0.7.tgz 2884ms (cache miss)
667 http fetch GET 200 https://registry.npmjs.org/prelude-ls/-/prelude-ls-1.2.1.tgz 2888ms (cache miss)
668 http fetch GET 200 https://registry.npmjs.org/postgres-interval/-/postgres-interval-1.2.0.tgz 2887ms (cache miss)
669 http fetch GET 200 https://registry.npmjs.org/postcss-nested/-/postcss-nested-6.2.0.tgz 2883ms (cache miss)
670 http fetch GET 200 https://registry.npmjs.org/punycode/-/punycode-2.3.1.tgz 2949ms (cache miss)
671 http fetch GET 200 https://registry.npmjs.org/postgres-bytea/-/postgres-bytea-1.0.1.tgz 2943ms (cache miss)
672 http fetch GET 200 https://registry.npmjs.org/postgres-array/-/postgres-array-2.0.0.tgz 2943ms (cache miss)
673 http fetch GET 200 https://registry.npmjs.org/postcss-load-config/-/postcss-load-config-6.0.1.tgz 2939ms (cache miss)
674 http fetch GET 200 https://registry.npmjs.org/side-channel-map/-/side-channel-map-1.0.1.tgz 3038ms (cache miss)
675 http fetch GET 200 https://registry.npmjs.org/postcss-js/-/postcss-js-4.1.0.tgz 2971ms (cache miss)
676 http fetch GET 200 https://registry.npmjs.org/picocolors/-/picocolors-1.1.1.tgz 2966ms (cache miss)
677 http fetch GET 200 https://registry.npmjs.org/use-sync-external-store/-/use-sync-external-store-1.6.0.tgz 3119ms (cache miss)
678 http fetch GET 200 https://registry.npmjs.org/pirates/-/pirates-4.0.7.tgz 3035ms (cache miss)
679 http fetch GET 200 https://registry.npmjs.org/pify/-/pify-2.3.0.tgz 3033ms (cache miss)
680 http fetch GET 200 https://registry.npmjs.org/pgpass/-/pgpass-1.0.5.tgz 3028ms (cache miss)
681 http fetch GET 200 https://registry.npmjs.org/pg-int8/-/pg-int8-1.0.1.tgz 3041ms (cache miss)
682 http fetch GET 200 https://registry.npmjs.org/pg-connection-string/-/pg-connection-string-2.11.0.tgz 3037ms (cache miss)
683 http fetch GET 200 https://registry.npmjs.org/path-key/-/path-key-3.1.1.tgz 3026ms (cache miss)
684 http fetch GET 200 https://registry.npmjs.org/p-limit/-/p-limit-3.1.0.tgz 3022ms (cache miss)
685 http fetch GET 200 https://registry.npmjs.org/side-channel/-/side-channel-1.1.0.tgz 3166ms (cache miss)
686 http fetch GET 200 https://registry.npmjs.org/tslib/-/tslib-2.8.1.tgz 3194ms (cache miss)
687 http fetch GET 200 https://registry.npmjs.org/react-is/-/react-is-18.3.1.tgz 3123ms (cache miss)
688 http fetch GET 200 https://registry.npmjs.org/pg-pool/-/pg-pool-3.11.0.tgz 3091ms (cache miss)
689 http fetch GET 200 https://registry.npmjs.org/pg-cloudflare/-/pg-cloudflare-1.3.0.tgz 3080ms (cache miss)
690 http fetch GET 200 https://registry.npmjs.org/p-locate/-/p-locate-5.0.0.tgz 3062ms (cache miss)
691 http fetch GET 200 https://registry.npmjs.org/path-parse/-/path-parse-1.0.7.tgz 3074ms (cache miss)
692 http fetch GET 200 https://registry.npmjs.org/path-to-regexp/-/path-to-regexp-8.3.0.tgz 3103ms (cache miss)
693 http fetch GET 200 https://registry.npmjs.org/path-exists/-/path-exists-4.0.0.tgz 3116ms (cache miss)
694 http fetch GET 200 https://registry.npmjs.org/side-channel-list/-/side-channel-list-1.0.0.tgz 3258ms (cache miss)
695 http fetch GET 200 https://registry.npmjs.org/parseurl/-/parseurl-1.3.3.tgz 3151ms (cache miss)
696 http fetch GET 200 https://registry.npmjs.org/natural-compare/-/natural-compare-1.4.0.tgz 3137ms (cache miss)
697 http fetch GET 200 https://registry.npmjs.org/parent-module/-/parent-module-1.0.1.tgz 3149ms (cache miss)
698 http fetch GET 200 https://registry.npmjs.org/normalize-path/-/normalize-path-3.0.0.tgz 3141ms (cache miss)
699 http fetch GET 200 https://registry.npmjs.org/object-assign/-/object-assign-4.1.1.tgz 3143ms (cache miss)
700 http fetch GET 200 https://registry.npmjs.org/once/-/once-1.4.0.tgz 3178ms (cache miss)
701 http fetch GET 200 https://registry.npmjs.org/on-finished/-/on-finished-2.4.1.tgz 3181ms (cache miss)
702 http fetch GET 200 https://registry.npmjs.org/mz/-/mz-2.7.0.tgz 3170ms (cache miss)
703 http fetch GET 200 https://registry.npmjs.org/math-intrinsics/-/math-intrinsics-1.1.0.tgz 3163ms (cache miss)
704 http fetch GET 200 https://registry.npmjs.org/merge2/-/merge2-1.4.1.tgz 3169ms (cache miss)
705 http fetch GET 200 https://registry.npmjs.org/react-refresh/-/react-refresh-0.18.0.tgz 3294ms (cache miss)
706 http fetch GET 200 https://registry.npmjs.org/node-releases/-/node-releases-2.0.27.tgz 3211ms (cache miss)
707 http fetch GET 200 https://registry.npmjs.org/ms/-/ms-2.1.3.tgz 3203ms (cache miss)
708 http fetch GET 200 https://registry.npmjs.org/loose-envify/-/loose-envify-1.4.0.tgz 3192ms (cache miss)
709 http fetch GET 200 https://registry.npmjs.org/mime-types/-/mime-types-2.1.35.tgz 3241ms (cache miss)
710 http fetch GET 200 https://registry.npmjs.org/media-typer/-/media-typer-1.1.0.tgz 3236ms (cache miss)
711 http fetch GET 200 https://registry.npmjs.org/micromatch/-/micromatch-4.0.8.tgz 3240ms (cache miss)
712 http fetch GET 200 https://registry.npmjs.org/sonner/-/sonner-2.0.7.tgz 3420ms (cache miss)
713 http fetch GET 200 https://registry.npmjs.org/lodash.isplainobject/-/lodash.isplainobject-4.0.6.tgz 3274ms (cache miss)
714 http fetch GET 200 https://registry.npmjs.org/lodash.includes/-/lodash.includes-4.3.0.tgz 3269ms (cache miss)
715 http fetch GET 200 https://registry.npmjs.org/lines-and-columns/-/lines-and-columns-1.2.4.tgz 3267ms (cache miss)
716 http fetch GET 200 https://registry.npmjs.org/minimatch/-/minimatch-3.1.2.tgz 3325ms (cache miss)
717 http fetch GET 200 https://registry.npmjs.org/lodash.isstring/-/lodash.isstring-4.0.1.tgz 3317ms (cache miss)
718 http fetch GET 200 https://registry.npmjs.org/merge-descriptors/-/merge-descriptors-2.0.0.tgz 3320ms (cache miss)
719 http fetch GET 200 https://registry.npmjs.org/lodash.isboolean/-/lodash.isboolean-3.0.3.tgz 3340ms (cache miss)
720 http fetch GET 200 https://registry.npmjs.org/lodash.isnumber/-/lodash.isnumber-3.0.3.tgz 3341ms (cache miss)
721 http fetch GET 200 https://registry.npmjs.org/locate-path/-/locate-path-6.0.0.tgz 3336ms (cache miss)
722 http fetch GET 200 https://registry.npmjs.org/json-stable-stringify-without-jsonify/-/json-stable-stringify-without-jsonify-1.0.1.tgz 3325ms (cache miss)
723 http fetch GET 200 https://registry.npmjs.org/object-hash/-/object-hash-3.0.0.tgz 3409ms (cache miss)
724 http fetch GET 200 https://registry.npmjs.org/lru-cache/-/lru-cache-5.1.1.tgz 3388ms (cache miss)
725 http fetch GET 200 https://registry.npmjs.org/lodash.once/-/lodash.once-4.1.1.tgz 3385ms (cache miss)
726 http fetch GET 200 https://registry.npmjs.org/lodash.isinteger/-/lodash.isinteger-4.0.4.tgz 3381ms (cache miss)
727 http fetch GET 200 https://registry.npmjs.org/lodash.merge/-/lodash.merge-4.6.2.tgz 3383ms (cache miss)
728 http fetch GET 200 https://registry.npmjs.org/router/-/router-2.2.0.tgz 3540ms (cache miss)
729 http fetch GET 200 https://registry.npmjs.org/json-schema-traverse/-/json-schema-traverse-0.4.1.tgz 3400ms (cache miss)
730 http fetch GET 200 https://registry.npmjs.org/lilconfig/-/lilconfig-3.1.3.tgz 3410ms (cache miss)
731 http fetch GET 200 https://registry.npmjs.org/keyv/-/keyv-4.5.4.tgz 3407ms (cache miss)
732 http fetch GET 200 https://registry.npmjs.org/json-buffer/-/json-buffer-3.0.1.tgz 3392ms (cache miss)
733 http fetch GET 200 https://registry.npmjs.org/js-tokens/-/js-tokens-4.0.0.tgz 3390ms (cache miss)
734 http fetch GET 200 https://registry.npmjs.org/ts-api-utils/-/ts-api-utils-2.4.0.tgz 3660ms (cache miss)
735 http fetch GET 200 https://registry.npmjs.org/levn/-/levn-0.4.1.tgz 3479ms (cache miss)
736 http fetch GET 200 https://registry.npmjs.org/is-extglob/-/is-extglob-2.1.1.tgz 3460ms (cache miss)
737 http fetch GET 200 https://registry.npmjs.org/is-binary-path/-/is-binary-path-2.1.0.tgz 3492ms (cache miss)
738 http fetch GET 200 https://registry.npmjs.org/postcss-value-parser/-/postcss-value-parser-4.2.0.tgz 3614ms (cache miss)
739 http fetch GET 200 https://registry.npmjs.org/jwa/-/jwa-2.0.1.tgz 3523ms (cache miss)
740 http fetch GET 200 https://registry.npmjs.org/is-promise/-/is-promise-4.0.0.tgz 3548ms (cache miss)
741 http fetch GET 200 https://registry.npmjs.org/isexe/-/isexe-2.0.0.tgz 3552ms (cache miss)
742 http fetch GET 200 https://registry.npmjs.org/is-glob/-/is-glob-4.0.3.tgz 3548ms (cache miss)
743 http fetch GET 200 https://registry.npmjs.org/import-fresh/-/import-fresh-3.3.1.tgz 3533ms (cache miss)
744 http fetch GET 200 https://registry.npmjs.org/next-themes/-/next-themes-0.4.6.tgz 3638ms (cache miss)
745 http fetch GET 200 https://registry.npmjs.org/is-number/-/is-number-7.0.0.tgz 3616ms (cache miss)
746 http fetch GET 200 https://registry.npmjs.org/ipaddr.js/-/ipaddr.js-1.9.1.tgz 3615ms (cache miss)
747 http fetch GET 200 https://registry.npmjs.org/inherits/-/inherits-2.0.4.tgz 3613ms (cache miss)
748 http fetch GET 200 https://registry.npmjs.org/internmap/-/internmap-2.0.3.tgz 3615ms (cache miss)
749 http fetch GET 200 https://registry.npmjs.org/imurmurhash/-/imurmurhash-0.1.4.tgz 3605ms (cache miss)
750 http fetch GET 200 https://registry.npmjs.org/optionator/-/optionator-0.9.4.tgz 3691ms (cache miss)
751 http fetch GET 200 https://registry.npmjs.org/get-nonce/-/get-nonce-1.0.1.tgz 3707ms (cache miss)
752 http fetch GET 200 https://registry.npmjs.org/has-flag/-/has-flag-4.0.0.tgz 3712ms (cache miss)
753 http fetch GET 200 https://registry.npmjs.org/reusify/-/reusify-1.1.0.tgz 3961ms (cache miss)
754 http fetch GET 200 https://registry.npmjs.org/scheduler/-/scheduler-0.27.0.tgz 3968ms (cache miss)
755 http fetch GET 200 https://registry.npmjs.org/is-core-module/-/is-core-module-2.16.1.tgz 3785ms (cache miss)
756 http fetch GET 200 https://registry.npmjs.org/jsesc/-/jsesc-3.1.0.tgz 3818ms (cache miss)
757 http fetch GET 200 https://registry.npmjs.org/function-bind/-/function-bind-1.1.2.tgz 3776ms (cache miss)
758 http fetch GET 200 https://registry.npmjs.org/gopd/-/gopd-1.2.0.tgz 3852ms (cache miss)
759 http fetch GET 200 https://registry.npmjs.org/has-tostringtag/-/has-tostringtag-1.0.2.tgz 3848ms (cache miss)
760 http fetch GET 200 https://registry.npmjs.org/zod-validation-error/-/zod-validation-error-4.0.2.tgz 4190ms (cache miss)
761 http fetch GET 200 https://registry.npmjs.org/http-errors/-/http-errors-2.0.1.tgz 3934ms (cache miss)
762 http fetch GET 200 https://registry.npmjs.org/forwarded/-/forwarded-0.2.0.tgz 3918ms (cache miss)
763 http fetch GET 200 https://registry.npmjs.org/find-up/-/find-up-5.0.0.tgz 3914ms (cache miss)
764 http fetch GET 200 https://registry.npmjs.org/mime-db/-/mime-db-1.52.0.tgz 4058ms (cache miss)
765 http fetch GET 200 https://registry.npmjs.org/picomatch/-/picomatch-2.3.1.tgz 4157ms (cache miss)
766 http fetch GET 200 https://registry.npmjs.org/negotiator/-/negotiator-1.0.0.tgz 4106ms (cache miss)
767 http fetch GET 200 https://registry.npmjs.org/fresh/-/fresh-2.0.0.tgz 4024ms (cache miss)
768 http fetch GET 200 https://registry.npmjs.org/finalhandler/-/finalhandler-2.1.1.tgz 4013ms (cache miss)
769 http fetch GET 200 https://registry.npmjs.org/fill-range/-/fill-range-7.1.1.tgz 4015ms (cache miss)
770 http fetch GET 200 https://registry.npmjs.org/flatted/-/flatted-3.3.3.tgz 4017ms (cache miss)
771 http fetch GET 200 https://registry.npmjs.org/eventemitter3/-/eventemitter3-4.0.7.tgz 4003ms (cache miss)
772 http fetch GET 200 https://registry.npmjs.org/gensync/-/gensync-1.0.0-beta.2.tgz 4063ms (cache miss)
773 http fetch GET 200 https://registry.npmjs.org/get-proto/-/get-proto-1.0.1.tgz 4062ms (cache miss)
774 http fetch GET 200 https://registry.npmjs.org/glob-parent/-/glob-parent-6.0.2.tgz 4065ms (cache miss)
775 http fetch GET 200 https://registry.npmjs.org/esutils/-/esutils-2.0.3.tgz 4034ms (cache miss)
776 http fetch GET 200 https://registry.npmjs.org/fastq/-/fastq-1.20.1.tgz 4116ms (cache miss)
777 http fetch GET 200 https://registry.npmjs.org/fast-levenshtein/-/fast-levenshtein-2.0.6.tgz 4114ms (cache miss)
778 http fetch GET 200 https://registry.npmjs.org/fast-json-stable-stringify/-/fast-json-stable-stringify-2.1.0.tgz 4111ms (cache miss)
779 http fetch GET 200 https://registry.npmjs.org/estraverse/-/estraverse-5.3.0.tgz 4096ms (cache miss)
780 http fetch GET 200 https://registry.npmjs.org/eslint-plugin-react-refresh/-/eslint-plugin-react-refresh-0.4.26.tgz 4093ms (cache miss)
781 http fetch GET 200 https://registry.npmjs.org/react-resizable-panels/-/react-resizable-panels-4.6.2.tgz 4344ms (cache miss)
782 http fetch GET 200 https://registry.npmjs.org/postcss-import/-/postcss-import-15.1.0.tgz 4338ms (cache miss)
783 http fetch GET 200 https://registry.npmjs.org/file-entry-cache/-/file-entry-cache-8.0.0.tgz 4177ms (cache miss)
784 http fetch GET 200 https://registry.npmjs.org/etag/-/etag-1.8.1.tgz 4170ms (cache miss)
785 http fetch GET 200 https://registry.npmjs.org/esrecurse/-/esrecurse-4.3.0.tgz 4161ms (cache miss)
786 http fetch GET 200 https://registry.npmjs.org/ignore/-/ignore-5.3.2.tgz 4328ms (cache miss)
787 http fetch GET 200 https://registry.npmjs.org/escape-html/-/escape-html-1.0.3.tgz 4267ms (cache miss)
788 http fetch GET 200 https://registry.npmjs.org/encodeurl/-/encodeurl-2.0.0.tgz 4261ms (cache miss)
789 http fetch GET 200 https://registry.npmjs.org/es-errors/-/es-errors-1.3.0.tgz 4263ms (cache miss)
790 http fetch GET 200 https://registry.npmjs.org/embla-carousel-react/-/embla-carousel-react-8.6.0.tgz 4261ms (cache miss)
791 http fetch GET 200 https://registry.npmjs.org/escape-string-regexp/-/escape-string-regexp-4.0.0.tgz 4306ms (cache miss)
792 http fetch GET 200 https://registry.npmjs.org/prop-types/-/prop-types-15.8.1.tgz 4545ms (cache miss)
793 http fetch GET 200 https://registry.npmjs.org/eslint-visitor-keys/-/eslint-visitor-keys-4.2.1.tgz 4353ms (cache miss)
794 http fetch GET 200 https://registry.npmjs.org/es-set-tostringtag/-/es-set-tostringtag-2.1.0.tgz 4347ms (cache miss)
795 http fetch GET 200 https://registry.npmjs.org/es-object-atoms/-/es-object-atoms-1.1.1.tgz 4344ms (cache miss)
796 http fetch GET 200 https://registry.npmjs.org/ee-first/-/ee-first-1.1.1.tgz 4332ms (cache miss)
797 http fetch GET 200 https://registry.npmjs.org/embla-carousel-reactive-utils/-/embla-carousel-reactive-utils-8.6.0.tgz 4365ms (cache miss)
798 http fetch GET 200 https://registry.npmjs.org/dlv/-/dlv-1.1.3.tgz 4353ms (cache miss)
799 http fetch GET 200 https://registry.npmjs.org/depd/-/depd-2.0.0.tgz 4355ms (cache miss)
800 http fetch GET 200 https://registry.npmjs.org/jws/-/jws-4.0.1.tgz 4507ms (cache miss)
801 http fetch GET 200 https://registry.npmjs.org/escalade/-/escalade-3.2.0.tgz 4407ms (cache miss)
802 http fetch GET 200 https://registry.npmjs.org/es-define-property/-/es-define-property-1.0.1.tgz 4404ms (cache miss)
803 http fetch GET 200 https://registry.npmjs.org/pg-types/-/pg-types-2.2.0.tgz 4623ms (cache miss)
804 http fetch GET 200 https://registry.npmjs.org/didyoumean/-/didyoumean-1.2.2.tgz 4419ms (cache miss)
805 http fetch GET 200 https://registry.npmjs.org/delayed-stream/-/delayed-stream-1.0.0.tgz 4417ms (cache miss)
806 http fetch GET 200 https://registry.npmjs.org/detect-node-es/-/detect-node-es-1.1.0.tgz 4416ms (cache miss)
807 http fetch GET 200 https://registry.npmjs.org/deep-is/-/deep-is-0.1.4.tgz 4416ms (cache miss)
808 http fetch GET 200 https://registry.npmjs.org/dunder-proto/-/dunder-proto-1.0.1.tgz 4422ms (cache miss)
809 http fetch GET 200 https://registry.npmjs.org/debug/-/debug-4.4.3.tgz 4413ms (cache miss)
810 http fetch GET 200 https://registry.npmjs.org/follow-redirects/-/follow-redirects-1.15.11.tgz 4517ms (cache miss)
811 http fetch GET 200 https://registry.npmjs.org/ecdsa-sig-formatter/-/ecdsa-sig-formatter-1.0.11.tgz 4455ms (cache miss)
812 http fetch GET 200 https://registry.npmjs.org/d3-time/-/d3-time-3.1.0.tgz 4442ms (cache miss)
813 http fetch GET 200 https://registry.npmjs.org/flat-cache/-/flat-cache-4.0.1.tgz 4544ms (cache miss)
814 http fetch GET 200 https://registry.npmjs.org/d3-timer/-/d3-timer-3.0.1.tgz 4473ms (cache miss)
815 http fetch GET 200 https://registry.npmjs.org/convert-source-map/-/convert-source-map-2.0.0.tgz 4456ms (cache miss)
816 http fetch GET 200 https://registry.npmjs.org/concat-map/-/concat-map-0.0.1.tgz 4452ms (cache miss)
817 http fetch GET 200 https://registry.npmjs.org/combined-stream/-/combined-stream-1.0.8.tgz 4446ms (cache miss)
818 http fetch GET 200 https://registry.npmjs.org/cross-spawn/-/cross-spawn-7.0.6.tgz 4487ms (cache miss)
819 http fetch GET 200 https://registry.npmjs.org/d3-path/-/d3-path-3.1.0.tgz 4495ms (cache miss)
820 http fetch GET 200 https://registry.npmjs.org/d3-color/-/d3-color-3.1.0.tgz 4494ms (cache miss)
821 http fetch GET 200 https://registry.npmjs.org/cookie-signature/-/cookie-signature-1.2.2.tgz 4487ms (cache miss)
822 http fetch GET 200 https://registry.npmjs.org/color-convert/-/color-convert-2.0.1.tgz 4471ms (cache miss)
823 http fetch GET 200 https://registry.npmjs.org/color-name/-/color-name-1.1.4.tgz 4468ms (cache miss)
824 http fetch GET 200 https://registry.npmjs.org/input-otp/-/input-otp-1.4.2.tgz 4638ms (cache miss)
825 http fetch GET 200 https://registry.npmjs.org/d3-format/-/d3-format-3.1.2.tgz 4532ms (cache miss)
826 http fetch GET 200 https://registry.npmjs.org/d3-ease/-/d3-ease-3.0.1.tgz 4528ms (cache miss)
827 http fetch GET 200 https://registry.npmjs.org/cookie/-/cookie-1.1.1.tgz 4519ms (cache miss)
828 http fetch GET 200 https://registry.npmjs.org/content-disposition/-/content-disposition-1.0.1.tgz 4514ms (cache miss)
829 http fetch GET 200 https://registry.npmjs.org/chalk/-/chalk-4.1.2.tgz 4496ms (cache miss)
830 http fetch GET 200 https://registry.npmjs.org/globals/-/globals-16.5.0.tgz 4650ms (cache miss)
831 http fetch GET 200 https://registry.npmjs.org/content-type/-/content-type-1.0.5.tgz 4541ms (cache miss)
832 http fetch GET 200 https://registry.npmjs.org/cssesc/-/cssesc-3.0.0.tgz 4549ms (cache miss)
833 http fetch GET 200 https://registry.npmjs.org/cors/-/cors-2.8.6.tgz 4545ms (cache miss)
834 http fetch GET 200 https://registry.npmjs.org/clsx/-/clsx-2.1.1.tgz 4529ms (cache miss)
835 http fetch GET 200 https://registry.npmjs.org/class-variance-authority/-/class-variance-authority-0.7.1.tgz 4526ms (cache miss)
836 http fetch GET 200 https://registry.npmjs.org/call-bind-apply-helpers/-/call-bind-apply-helpers-1.0.2.tgz 4519ms (cache miss)
837 http fetch GET 200 https://registry.npmjs.org/bytes/-/bytes-3.1.2.tgz 4558ms (cache miss)
838 http fetch GET 200 https://registry.npmjs.org/binary-extensions/-/binary-extensions-2.3.0.tgz 4559ms (cache miss)
839 http fetch GET 200 https://registry.npmjs.org/brace-expansion/-/brace-expansion-1.1.12.tgz 4556ms (cache miss)
840 http fetch GET 200 https://registry.npmjs.org/hasown/-/hasown-2.0.2.tgz 4749ms (cache miss)
841 http fetch GET 200 https://registry.npmjs.org/form-data/-/form-data-4.0.5.tgz 4731ms (cache miss)
842 http fetch GET 200 https://registry.npmjs.org/buffer-equal-constant-time/-/buffer-equal-constant-time-1.0.1.tgz 4617ms (cache miss)
843 http fetch GET 200 https://registry.npmjs.org/body-parser/-/body-parser-2.2.2.tgz 4613ms (cache miss)
844 http fetch GET 200 https://registry.npmjs.org/camelcase-css/-/camelcase-css-2.0.1.tgz 4640ms (cache miss)
845 http fetch GET 200 https://registry.npmjs.org/call-bound/-/call-bound-1.0.4.tgz 4637ms (cache miss)
846 http fetch GET 200 https://registry.npmjs.org/callsites/-/callsites-3.1.0.tgz 4637ms (cache miss)
847 http fetch GET 200 https://registry.npmjs.org/balanced-match/-/balanced-match-1.0.2.tgz 4623ms (cache miss)
848 http fetch GET 200 https://registry.npmjs.org/arg/-/arg-5.0.2.tgz 4614ms (cache miss)
849 http fetch GET 200 https://registry.npmjs.org/any-promise/-/any-promise-1.3.0.tgz 4612ms (cache miss)
850 http fetch GET 200 https://registry.npmjs.org/acorn-jsx/-/acorn-jsx-5.3.2.tgz 4613ms (cache miss)
851 http fetch GET 200 https://registry.npmjs.org/@typescript-eslint/visitor-keys/-/visitor-keys-8.54.0.tgz 4638ms (cache miss)
852 http fetch GET 200 https://registry.npmjs.org/asynckit/-/asynckit-0.4.0.tgz 4660ms (cache miss)
853 http fetch GET 200 https://registry.npmjs.org/ansi-styles/-/ansi-styles-4.3.0.tgz 4655ms (cache miss)
854 http fetch GET 200 https://registry.npmjs.org/anymatch/-/anymatch-3.1.3.tgz 4694ms (cache miss)
855 http fetch GET 200 https://registry.npmjs.org/accepts/-/accepts-2.0.0.tgz 4689ms (cache miss)
856 http fetch GET 200 https://registry.npmjs.org/argparse/-/argparse-2.0.1.tgz 4715ms (cache miss)
857 http fetch GET 200 https://registry.npmjs.org/@types/estree/-/estree-1.0.8.tgz 4683ms (cache miss)
858 http fetch GET 200 https://registry.npmjs.org/source-map-js/-/source-map-js-1.2.1.tgz 5103ms (cache miss)
859 http fetch GET 200 https://registry.npmjs.org/@types/react-dom/-/react-dom-19.2.3.tgz 4702ms (cache miss)
860 http fetch GET 200 https://registry.npmjs.org/@typescript-eslint/project-service/-/project-service-8.54.0.tgz 4708ms (cache miss)
861 http fetch GET 200 https://registry.npmjs.org/commander/-/commander-4.1.1.tgz 4804ms (cache miss)
862 http fetch GET 200 https://registry.npmjs.org/@types/json-schema/-/json-schema-7.0.15.tgz 4725ms (cache miss)
863 http fetch GET 200 https://registry.npmjs.org/@types/d3-timer/-/d3-timer-3.0.2.tgz 4723ms (cache miss)
864 http fetch GET 200 https://registry.npmjs.org/@types/geojson/-/geojson-7946.0.16.tgz 4748ms (cache miss)
865 http fetch GET 200 https://registry.npmjs.org/@types/d3-time/-/d3-time-3.0.4.tgz 4742ms (cache miss)
866 http fetch GET 200 https://registry.npmjs.org/esbuild/-/esbuild-0.27.3.tgz 4893ms (cache miss)
867 http fetch GET 200 https://registry.npmjs.org/@types/d3-path/-/d3-path-3.1.1.tgz 4752ms (cache miss)
868 http fetch GET 200 https://registry.npmjs.org/fast-deep-equal/-/fast-deep-equal-3.1.3.tgz 4938ms (cache miss)
869 http fetch GET 200 https://registry.npmjs.org/express/-/express-5.2.1.tgz 4957ms (cache miss)
870 http fetch GET 200 https://registry.npmjs.org/@types/d3-array/-/d3-array-3.2.2.tgz 4783ms (cache miss)
871 http fetch GET 200 https://registry.npmjs.org/@types/d3-color/-/d3-color-3.1.3.tgz 4796ms (cache miss)
872 http fetch GET 200 https://registry.npmjs.org/@types/leaflet/-/leaflet-1.9.21.tgz 4817ms (cache miss)
873 http fetch GET 200 https://registry.npmjs.org/@typescript-eslint/tsconfig-utils/-/tsconfig-utils-8.54.0.tgz 4842ms (cache miss)
874 http fetch GET 200 https://registry.npmjs.org/@vitejs/plugin-react/-/plugin-react-5.1.3.tgz 4855ms (cache miss)
875 http fetch GET 200 https://registry.npmjs.org/jsonwebtoken/-/jsonwebtoken-9.0.3.tgz 5081ms (cache miss)
876 http fetch GET 200 https://registry.npmjs.org/espree/-/espree-10.4.0.tgz 5003ms (cache miss)
877 http fetch GET 200 https://registry.npmjs.org/@types/babel__core/-/babel__core-7.20.5.tgz 4846ms (cache miss)
878 http fetch GET 200 https://registry.npmjs.org/@typescript-eslint/parser/-/parser-8.54.0.tgz 4884ms (cache miss)
879 http fetch GET 200 https://registry.npmjs.org/@types/babel__generator/-/babel__generator-7.27.0.tgz 4849ms (cache miss)
880 http fetch GET 200 https://registry.npmjs.org/@types/d3-interpolate/-/d3-interpolate-3.0.4.tgz 4856ms (cache miss)
881 http fetch GET 200 https://registry.npmjs.org/@types/babel__template/-/babel__template-7.4.4.tgz 4859ms (cache miss)
882 http fetch GET 200 https://registry.npmjs.org/@types/d3-scale/-/d3-scale-4.0.9.tgz 4882ms (cache miss)
883 http fetch GET 200 https://registry.npmjs.org/@types/d3-shape/-/d3-shape-3.1.8.tgz 4893ms (cache miss)
884 http fetch GET 200 https://registry.npmjs.org/chokidar/-/chokidar-3.6.0.tgz 4977ms (cache miss)
885 http fetch GET 200 https://registry.npmjs.org/get-intrinsic/-/get-intrinsic-1.3.0.tgz 4982ms (cache miss)
886 http fetch GET 200 https://registry.npmjs.org/@types/babel__traverse/-/babel__traverse-7.28.0.tgz 4897ms (cache miss)
887 http fetch GET 200 https://registry.npmjs.org/@radix-ui/rect/-/rect-1.1.1.tgz 4883ms (cache miss)
888 http fetch GET 200 https://registry.npmjs.org/@radix-ui/react-use-layout-effect/-/react-use-layout-effect-1.1.1.tgz 4882ms (cache miss)
889 http fetch GET 200 https://registry.npmjs.org/@types/d3-ease/-/d3-ease-3.0.2.tgz 4969ms (cache miss)
890 http fetch GET 200 https://registry.npmjs.org/@standard-schema/utils/-/utils-0.3.0.tgz 4967ms (cache miss)
891 http fetch GET 200 https://registry.npmjs.org/braces/-/braces-3.0.3.tgz 5053ms (cache miss)
892 http fetch GET 200 https://registry.npmjs.org/browserslist/-/browserslist-4.28.1.tgz 5103ms (cache miss)
893 http fetch GET 200 https://registry.npmjs.org/electron-to-chromium/-/electron-to-chromium-1.5.286.tgz 5187ms (cache miss)
894 http fetch GET 200 https://registry.npmjs.org/aria-hidden/-/aria-hidden-1.2.6.tgz 5096ms (cache miss)
895 http fetch GET 200 https://registry.npmjs.org/recharts-scale/-/recharts-scale-0.4.5.tgz 5441ms (cache miss)
896 http fetch GET 200 https://registry.npmjs.org/baseline-browser-mapping/-/baseline-browser-mapping-2.9.19.tgz 5107ms (cache miss)
897 http fetch GET 200 https://registry.npmjs.org/@radix-ui/react-use-escape-keydown/-/react-use-escape-keydown-1.1.1.tgz 5025ms (cache miss)
898 http fetch GET 200 https://registry.npmjs.org/@radix-ui/react-visually-hidden/-/react-visually-hidden-1.2.3.tgz 5038ms (cache miss)
899 http fetch GET 200 https://registry.npmjs.org/has-symbols/-/has-symbols-1.1.0.tgz 5275ms (cache miss)
900 http fetch GET 200 https://registry.npmjs.org/decimal.js-light/-/decimal.js-light-2.5.1.tgz 5204ms (cache miss)
901 http fetch GET 200 https://registry.npmjs.org/@radix-ui/react-use-rect/-/react-use-rect-1.1.1.tgz 5060ms (cache miss)
902 http fetch GET 200 https://registry.npmjs.org/qs/-/qs-6.14.1.tgz 5499ms (cache miss)
903 http fetch GET 200 https://registry.npmjs.org/cmdk/-/cmdk-1.1.1.tgz 5255ms (cache miss)
904 http fetch GET 200 https://registry.npmjs.org/bcryptjs/-/bcryptjs-3.0.3.tgz 5265ms (cache miss)
905 http fetch GET 200 https://registry.npmjs.org/@radix-ui/react-use-effect-event/-/react-use-effect-event-0.0.2.tgz 5203ms (cache miss)
906 http fetch GET 200 https://registry.npmjs.org/react-remove-scroll-bar/-/react-remove-scroll-bar-2.3.8.tgz 5669ms (cache miss)
907 http fetch GET 200 https://registry.npmjs.org/pg/-/pg-8.18.0.tgz 5608ms (cache miss)
908 http fetch GET 200 https://registry.npmjs.org/eslint-scope/-/eslint-scope-8.4.0.tgz 5462ms (cache miss)
909 http fetch GET 200 https://registry.npmjs.org/hermes-estree/-/hermes-estree-0.25.1.tgz 5550ms (cache miss)
910 http fetch GET 200 https://registry.npmjs.org/react-style-singleton/-/react-style-singleton-2.2.3.tgz 5746ms (cache miss)
911 http fetch GET 200 https://registry.npmjs.org/@radix-ui/react-slot/-/react-slot-1.2.4.tgz 5324ms (cache miss)
912 http fetch GET 200 https://registry.npmjs.org/json5/-/json5-2.2.3.tgz 5655ms (cache miss)
913 http fetch GET 200 https://registry.npmjs.org/nanoid/-/nanoid-3.3.11.tgz 5711ms (cache miss)
914 http fetch GET 200 https://registry.npmjs.org/@radix-ui/react-toggle-group/-/react-toggle-group-1.1.11.tgz 5398ms (cache miss)
915 http fetch GET 200 https://registry.npmjs.org/@radix-ui/react-use-is-hydrated/-/react-use-is-hydrated-0.1.0.tgz 5421ms (cache miss)
916 http fetch GET 200 https://registry.npmjs.org/@react-leaflet/core/-/core-3.0.0.tgz 5431ms (cache miss)
917 http fetch GET 200 https://registry.npmjs.org/@radix-ui/react-use-size/-/react-use-size-1.1.1.tgz 5437ms (cache miss)
918 http fetch GET 200 https://registry.npmjs.org/@radix-ui/react-use-callback-ref/-/react-use-callback-ref-1.1.1.tgz 5428ms (cache miss)
919 http fetch GET 200 https://registry.npmjs.org/@radix-ui/react-toggle/-/react-toggle-1.1.10.tgz 5431ms (cache miss)
920 http fetch GET 200 https://registry.npmjs.org/@radix-ui/react-use-previous/-/react-use-previous-1.1.1.tgz 5480ms (cache miss)
921 http fetch GET 200 https://registry.npmjs.org/@radix-ui/react-tooltip/-/react-tooltip-1.2.8.tgz 5499ms (cache miss)
922 http fetch GET 200 https://registry.npmjs.org/react/-/react-19.2.4.tgz 5905ms (cache miss)
923 http fetch GET 200 https://registry.npmjs.org/@radix-ui/react-separator/-/react-separator-1.1.8.tgz 5504ms (cache miss)
924 http fetch GET 200 https://registry.npmjs.org/fraction.js/-/fraction.js-5.3.4.tgz 5754ms (cache miss)
925 http fetch GET 200 https://registry.npmjs.org/@radix-ui/react-switch/-/react-switch-1.2.6.tgz 5597ms (cache miss)
926 http fetch GET 200 https://registry.npmjs.org/acorn/-/acorn-8.15.0.tgz 5661ms (cache miss)
927 http fetch GET 200 https://registry.npmjs.org/@radix-ui/react-tabs/-/react-tabs-1.1.13.tgz 5599ms (cache miss)
928 http fetch GET 200 https://registry.npmjs.org/@rolldown/pluginutils/-/pluginutils-1.0.0-rc.2.tgz 5662ms (cache miss)
929 http fetch GET 200 https://registry.npmjs.org/@radix-ui/react-roving-focus/-/react-roving-focus-1.1.11.tgz 5635ms (cache miss)
930 http fetch GET 200 https://registry.npmjs.org/csstype/-/csstype-3.2.3.tgz 5836ms (cache miss)
931 http fetch GET 200 https://registry.npmjs.org/@radix-ui/react-primitive/-/react-primitive-2.1.3.tgz 5682ms (cache miss)
932 http fetch GET 200 https://registry.npmjs.org/@radix-ui/react-portal/-/react-portal-1.1.9.tgz 5683ms (cache miss)
933 http fetch GET 200 https://registry.npmjs.org/@radix-ui/react-id/-/react-id-1.1.1.tgz 5688ms (cache miss)
934 http fetch GET 200 https://registry.npmjs.org/@radix-ui/react-use-controllable-state/-/react-use-controllable-state-1.2.2.tgz 5730ms (cache miss)
935 http fetch GET 200 https://registry.npmjs.org/@radix-ui/react-scroll-area/-/react-scroll-area-1.2.10.tgz 5740ms (cache miss)
936 http fetch GET 200 https://registry.npmjs.org/@radix-ui/react-direction/-/react-direction-1.1.1.tgz 5754ms (cache miss)
937 http fetch GET 200 https://registry.npmjs.org/undici-types/-/undici-types-7.16.0.tgz 6281ms (cache miss)
938 http fetch GET 200 https://registry.npmjs.org/@types/react/-/react-19.2.13.tgz 5853ms (cache miss)
939 http fetch GET 200 https://registry.npmjs.org/fast-equals/-/fast-equals-5.4.0.tgz 6044ms (cache miss)
940 http fetch GET 200 https://registry.npmjs.org/object-inspect/-/object-inspect-1.13.4.tgz 6161ms (cache miss)
941 http fetch GET 200 https://registry.npmjs.org/react-smooth/-/react-smooth-4.0.4.tgz 6251ms (cache miss)
942 http fetch GET 200 https://registry.npmjs.org/@typescript-eslint/types/-/types-8.54.0.tgz 5932ms (cache miss)
943 http fetch GET 200 https://registry.npmjs.org/@radix-ui/react-select/-/react-select-2.2.6.tgz 5864ms (cache miss)
944 http fetch GET 200 https://registry.npmjs.org/react-transition-group/-/react-transition-group-4.4.5.tgz 6315ms (cache miss)
945 http fetch GET 200 https://registry.npmjs.org/@radix-ui/react-dropdown-menu/-/react-dropdown-menu-2.1.16.tgz 5863ms (cache miss)
946 http fetch GET 200 https://registry.npmjs.org/esquery/-/esquery-1.7.0.tgz 6095ms (cache miss)
947 http fetch GET 200 https://registry.npmjs.org/iconv-lite/-/iconv-lite-0.7.2.tgz 6173ms (cache miss)
948 http fetch GET 200 https://registry.npmjs.org/uri-js/-/uri-js-4.4.1.tgz 6438ms (cache miss)
949 http fetch GET 200 https://registry.npmjs.org/@radix-ui/react-presence/-/react-presence-1.1.5.tgz 5928ms (cache miss)
950 http fetch GET 200 https://registry.npmjs.org/@radix-ui/react-popover/-/react-popover-1.1.15.tgz 5929ms (cache miss)
951 http fetch GET 200 https://registry.npmjs.org/@radix-ui/react-focus-guards/-/react-focus-guards-1.1.3.tgz 5931ms (cache miss)
952 http fetch GET 200 https://registry.npmjs.org/@radix-ui/react-context-menu/-/react-context-menu-2.2.16.tgz 5948ms (cache miss)
953 http fetch GET 200 https://registry.npmjs.org/d3-scale/-/d3-scale-4.0.2.tgz 6142ms (cache miss)
954 http fetch GET 200 https://registry.npmjs.org/@radix-ui/react-focus-scope/-/react-focus-scope-1.1.7.tgz 5964ms (cache miss)
955 http fetch GET 200 https://registry.npmjs.org/@radix-ui/react-dismissable-layer/-/react-dismissable-layer-1.1.11.tgz 5967ms (cache miss)
956 http fetch GET 200 https://registry.npmjs.org/postcss-selector-parser/-/postcss-selector-parser-6.1.2.tgz 6383ms (cache miss)
957 http fetch GET 200 https://registry.npmjs.org/d3-interpolate/-/d3-interpolate-3.0.1.tgz 6153ms (cache miss)
958 http fetch GET 200 https://registry.npmjs.org/tailwind-merge/-/tailwind-merge-3.4.0.tgz 6505ms (cache miss)
959 http fetch GET 200 https://registry.npmjs.org/js-yaml/-/js-yaml-4.1.1.tgz 6326ms (cache miss)
960 http fetch GET 200 https://registry.npmjs.org/@radix-ui/react-context/-/react-context-1.1.2.tgz 6038ms (cache miss)
961 http fetch GET 200 https://registry.npmjs.org/@radix-ui/react-navigation-menu/-/react-navigation-menu-1.2.14.tgz 6076ms (cache miss)
962 http fetch GET 200 https://registry.npmjs.org/@radix-ui/react-radio-group/-/react-radio-group-1.3.8.tgz 6088ms (cache miss)
963 http fetch GET 200 https://registry.npmjs.org/@nodelib/fs.walk/-/fs.walk-1.2.8.tgz 6055ms (cache miss)
964 http fetch GET 200 https://registry.npmjs.org/@radix-ui/react-accordion/-/react-accordion-1.2.12.tgz 6060ms (cache miss)
965 http fetch GET 200 https://registry.npmjs.org/@radix-ui/primitive/-/primitive-1.1.3.tgz 6060ms (cache miss)
966 http fetch GET 200 https://registry.npmjs.org/pg-protocol/-/pg-protocol-1.11.0.tgz 6562ms (cache miss)
967 http fetch GET 200 https://registry.npmjs.org/react-leaflet/-/react-leaflet-5.0.0.tgz 6609ms (cache miss)
968 http fetch GET 200 https://registry.npmjs.org/@radix-ui/react-compose-refs/-/react-compose-refs-1.1.2.tgz 6161ms (cache miss)
969 http fetch GET 200 https://registry.npmjs.org/@radix-ui/number/-/number-1.1.1.tgz 6164ms (cache miss)
970 http fetch GET 200 https://registry.npmjs.org/@radix-ui/react-hover-card/-/react-hover-card-1.1.15.tgz 6208ms (cache miss)
971 http fetch GET 200 https://registry.npmjs.org/@radix-ui/react-menu/-/react-menu-2.1.16.tgz 6236ms (cache miss)
972 http fetch GET 200 https://registry.npmjs.org/@radix-ui/react-checkbox/-/react-checkbox-1.3.3.tgz 6223ms (cache miss)
973 http fetch GET 200 https://registry.npmjs.org/@radix-ui/react-menubar/-/react-menubar-1.1.16.tgz 6259ms (cache miss)
974 http fetch GET 200 https://registry.npmjs.org/@radix-ui/react-collection/-/react-collection-1.1.7.tgz 6240ms (cache miss)
975 http fetch GET 200 https://registry.npmjs.org/jiti/-/jiti-1.21.7.tgz 6576ms (cache miss)
976 http fetch GET 200 https://registry.npmjs.org/@radix-ui/react-popper/-/react-popper-1.2.8.tgz 6294ms (cache miss)
977 http fetch GET 200 https://registry.npmjs.org/@radix-ui/react-collapsible/-/react-collapsible-1.1.12.tgz 6279ms (cache miss)
978 http fetch GET 200 https://registry.npmjs.org/use-callback-ref/-/use-callback-ref-1.3.3.tgz 6815ms (cache miss)
979 http fetch GET 200 https://registry.npmjs.org/@radix-ui/react-aspect-ratio/-/react-aspect-ratio-1.1.8.tgz 6292ms (cache miss)
980 http fetch GET 200 https://registry.npmjs.org/@radix-ui/react-progress/-/react-progress-1.1.8.tgz 6337ms (cache miss)
981 http fetch GET 200 https://registry.npmjs.org/@humanfs/node/-/node-0.16.7.tgz 6343ms (cache miss)
982 http fetch GET 200 https://registry.npmjs.org/d3-time-format/-/d3-time-format-4.1.0.tgz 6597ms (cache miss)
983 http fetch GET 200 https://registry.npmjs.org/@radix-ui/react-dialog/-/react-dialog-1.1.15.tgz 6436ms (cache miss)
984 http fetch GET 200 https://registry.npmjs.org/@nodelib/fs.scandir/-/fs.scandir-2.1.5.tgz 6457ms (cache miss)
985 http fetch GET 200 https://registry.npmjs.org/@eslint/object-schema/-/object-schema-2.1.7.tgz 6445ms (cache miss)
986 http fetch GET 200 https://registry.npmjs.org/@eslint/js/-/js-9.39.2.tgz 6449ms (cache miss)
987 http fetch GET 200 https://registry.npmjs.org/@radix-ui/react-arrow/-/react-arrow-1.1.7.tgz 6488ms (cache miss)
988 http fetch GET 200 https://registry.npmjs.org/@humanwhocodes/retry/-/retry-0.4.3.tgz 6496ms (cache miss)
989 http fetch GET 200 https://registry.npmjs.org/postcss/-/postcss-8.5.6.tgz 6976ms (cache miss)
990 http fetch GET 200 https://registry.npmjs.org/@radix-ui/react-slider/-/react-slider-1.3.6.tgz 6614ms (cache miss)
991 http fetch GET 200 https://registry.npmjs.org/@typescript-eslint/type-utils/-/type-utils-8.54.0.tgz 6707ms (cache miss)
992 http fetch GET 200 https://registry.npmjs.org/@jridgewell/resolve-uri/-/resolve-uri-3.1.2.tgz 6980ms (cache miss)
993 http fetch GET 200 https://registry.npmjs.org/@humanwhocodes/module-importer/-/module-importer-1.0.1.tgz 6980ms (cache miss)
994 http fetch GET 200 https://registry.npmjs.org/@radix-ui/react-alert-dialog/-/react-alert-dialog-1.1.15.tgz 7013ms (cache miss)
995 http fetch GET 200 https://registry.npmjs.org/@nodelib/fs.stat/-/fs.stat-2.0.5.tgz 7058ms (cache miss)
996 http fetch GET 200 https://registry.npmjs.org/@radix-ui/react-label/-/react-label-2.1.8.tgz 7126ms (cache miss)
997 http fetch GET 200 https://registry.npmjs.org/@jridgewell/remapping/-/remapping-2.3.5.tgz 7116ms (cache miss)
998 http fetch GET 200 https://registry.npmjs.org/@humanfs/core/-/core-0.19.1.tgz 7139ms (cache miss)
999 http fetch GET 200 https://registry.npmjs.org/@eslint/core/-/core-0.17.0.tgz 7160ms (cache miss)
1000 http fetch GET 200 https://registry.npmjs.org/@babel/plugin-transform-react-jsx-self/-/plugin-transform-react-jsx-self-7.27.1.tgz 7185ms (cache miss)
1001 http fetch GET 200 https://registry.npmjs.org/@babel/helper-validator-option/-/helper-validator-option-7.27.1.tgz 7183ms (cache miss)
1002 http fetch GET 200 https://registry.npmjs.org/@babel/helper-globals/-/helper-globals-7.28.0.tgz 7178ms (cache miss)
1003 http fetch GET 200 https://registry.npmjs.org/fdir/-/fdir-6.5.0.tgz 7170ms (cache miss)
1004 http fetch GET 200 https://registry.npmjs.org/@babel/code-frame/-/code-frame-7.29.0.tgz 7173ms (cache miss)
1005 http fetch GET 200 https://registry.npmjs.org/mime-types/-/mime-types-3.0.2.tgz 7161ms (cache miss)
1006 http fetch GET 200 https://registry.npmjs.org/glob-parent/-/glob-parent-5.1.2.tgz 7166ms (cache miss)
1007 http fetch GET 200 https://registry.npmjs.org/@eslint/config-helpers/-/config-helpers-0.4.2.tgz 7231ms (cache miss)
1008 http fetch GET 200 https://registry.npmjs.org/@babel/helper-plugin-utils/-/helper-plugin-utils-7.28.6.tgz 7216ms (cache miss)
1009 http fetch GET 200 https://registry.npmjs.org/@babel/compat-data/-/compat-data-7.29.0.tgz 7211ms (cache miss)
1010 http fetch GET 200 https://registry.npmjs.org/@babel/plugin-transform-react-jsx-source/-/plugin-transform-react-jsx-source-7.27.1.tgz 7227ms (cache miss)
1011 http fetch GET 200 https://registry.npmjs.org/@radix-ui/react-avatar/-/react-avatar-1.1.11.tgz 7281ms (cache miss)
1012 http fetch GET 200 https://registry.npmjs.org/@floating-ui/dom/-/dom-1.7.5.tgz 7255ms (cache miss)
1013 http fetch GET 200 https://registry.npmjs.org/fdir/-/fdir-6.5.0.tgz 7220ms (cache miss)
1014 http fetch GET 200 https://registry.npmjs.org/mime-types/-/mime-types-3.0.2.tgz 7212ms (cache miss)
1015 http fetch GET 200 https://registry.npmjs.org/mime-types/-/mime-types-3.0.2.tgz 7223ms (cache miss)
1016 http fetch GET 200 https://registry.npmjs.org/mime-types/-/mime-types-3.0.2.tgz 7212ms (cache miss)
1017 http fetch GET 200 https://registry.npmjs.org/glob-parent/-/glob-parent-5.1.2.tgz 7221ms (cache miss)
1018 http fetch GET 200 https://registry.npmjs.org/@rollup/rollup-win32-x64-gnu/-/rollup-win32-x64-gnu-4.57.1.tgz 7388ms (cache miss)
1019 http fetch GET 200 https://registry.npmjs.org/@babel/helper-string-parser/-/helper-string-parser-7.27.1.tgz 7267ms (cache miss)
1020 http fetch GET 200 https://registry.npmjs.org/react-is/-/react-is-16.13.1.tgz 7243ms (cache miss)
1021 http fetch GET 200 https://registry.npmjs.org/@babel/helper-compilation-targets/-/helper-compilation-targets-7.28.6.tgz 7299ms (cache miss)
1022 http fetch GET 200 https://registry.npmjs.org/react-remove-scroll/-/react-remove-scroll-2.7.2.tgz 7846ms (cache miss)
1023 http fetch GET 200 https://registry.npmjs.org/brace-expansion/-/brace-expansion-2.0.2.tgz 7280ms (cache miss)
1024 http fetch GET 200 https://registry.npmjs.org/cookie/-/cookie-0.7.2.tgz 7300ms (cache miss)
1025 http fetch GET 200 https://registry.npmjs.org/@floating-ui/core/-/core-1.7.4.tgz 7385ms (cache miss)
1026 http fetch GET 200 https://registry.npmjs.org/fast-glob/-/fast-glob-3.3.3.tgz 7689ms (cache miss)
1027 http fetch GET 200 https://registry.npmjs.org/@radix-ui/react-slot/-/react-slot-1.2.3.tgz 7333ms (cache miss)
1028 http fetch GET 200 https://registry.npmjs.org/@rollup/rollup-win32-x64-msvc/-/rollup-win32-x64-msvc-4.57.1.tgz 7533ms (cache miss)
1029 http fetch GET 200 https://registry.npmjs.org/@eslint/plugin-kit/-/plugin-kit-0.4.1.tgz 7455ms (cache miss)
1030 http fetch GET 200 https://registry.npmjs.org/ignore/-/ignore-7.0.5.tgz 7391ms (cache miss)
1031 http fetch GET 200 https://registry.npmjs.org/@babel/helper-validator-identifier/-/helper-validator-identifier-7.28.5.tgz 7447ms (cache miss)
1032 http fetch GET 200 https://registry.npmjs.org/@floating-ui/utils/-/utils-0.2.10.tgz 7483ms (cache miss)
1033 http fetch GET 200 https://registry.npmjs.org/mime-db/-/mime-db-1.54.0.tgz 7422ms (cache miss)
1034 http fetch GET 200 https://registry.npmjs.org/mime-db/-/mime-db-1.54.0.tgz 7432ms (cache miss)
1035 http fetch GET 200 https://registry.npmjs.org/@eslint-community/regexpp/-/regexpp-4.12.2.tgz 7538ms (cache miss)
1036 http fetch GET 200 https://registry.npmjs.org/picomatch/-/picomatch-4.0.3.tgz 7508ms (cache miss)
1037 http fetch GET 200 https://registry.npmjs.org/picomatch/-/picomatch-4.0.3.tgz 7507ms (cache miss)
1038 http fetch GET 200 https://registry.npmjs.org/mime-db/-/mime-db-1.54.0.tgz 7487ms (cache miss)
1039 http fetch GET 200 https://registry.npmjs.org/mime-db/-/mime-db-1.54.0.tgz 7503ms (cache miss)
1040 http fetch GET 200 https://registry.npmjs.org/@radix-ui/react-slot/-/react-slot-1.2.3.tgz 7512ms (cache miss)
1041 http fetch GET 200 https://registry.npmjs.org/@babel/helper-module-imports/-/helper-module-imports-7.28.6.tgz 7556ms (cache miss)
1042 http fetch GET 200 https://registry.npmjs.org/@radix-ui/react-slot/-/react-slot-1.2.3.tgz 7521ms (cache miss)
1043 http fetch GET 200 https://registry.npmjs.org/globals/-/globals-14.0.0.tgz 7526ms (cache miss)
1044 http fetch GET 200 https://registry.npmjs.org/@eslint-community/eslint-utils/-/eslint-utils-4.9.1.tgz 7603ms (cache miss)
1045 http fetch GET 200 https://registry.npmjs.org/rollup/-/rollup-4.57.1.tgz 8136ms (cache miss)
1046 http fetch GET 200 https://registry.npmjs.org/vite/-/vite-7.3.1.tgz 8219ms (cache miss)
1047 http fetch GET 200 https://registry.npmjs.org/@floating-ui/react-dom/-/react-dom-2.1.7.tgz 7642ms (cache miss)
1048 http fetch GET 200 https://registry.npmjs.org/@radix-ui/react-primitive/-/react-primitive-2.1.4.tgz 7566ms (cache miss)
1049 http fetch GET 200 https://registry.npmjs.org/eslint-visitor-keys/-/eslint-visitor-keys-3.4.3.tgz 7559ms (cache miss)
1050 http fetch GET 200 https://registry.npmjs.org/@radix-ui/react-slot/-/react-slot-1.2.3.tgz 7583ms (cache miss)
1051 http fetch GET 200 https://registry.npmjs.org/hermes-parser/-/hermes-parser-0.25.1.tgz 7993ms (cache miss)
1052 http fetch GET 200 https://registry.npmjs.org/@jridgewell/sourcemap-codec/-/sourcemap-codec-1.5.5.tgz 7727ms (cache miss)
1053 http fetch GET 200 https://registry.npmjs.org/@eslint/config-array/-/config-array-0.21.1.tgz 7733ms (cache miss)
1054 http fetch GET 200 https://registry.npmjs.org/d3-array/-/d3-array-3.2.4.tgz 7995ms (cache miss)
1055 http fetch GET 200 https://registry.npmjs.org/@babel/template/-/template-7.28.6.tgz 7766ms (cache miss)
1056 http fetch GET 200 https://registry.npmjs.org/express-validator/-/express-validator-7.3.1.tgz 8083ms (cache miss)
1057 http fetch GET 200 https://registry.npmjs.org/@radix-ui/react-primitive/-/react-primitive-2.1.4.tgz 7728ms (cache miss)
1058 http fetch GET 200 https://registry.npmjs.org/@babel/helper-module-transforms/-/helper-module-transforms-7.28.6.tgz 7774ms (cache miss)
1059 http fetch GET 200 https://registry.npmjs.org/d3-shape/-/d3-shape-3.2.0.tgz 8055ms (cache miss)
1060 http fetch GET 200 https://registry.npmjs.org/@radix-ui/react-context/-/react-context-1.1.3.tgz 7766ms (cache miss)
1061 http fetch GET 200 https://registry.npmjs.org/eslint-plugin-react-hooks/-/eslint-plugin-react-hooks-7.0.1.tgz 8156ms (cache miss)
1062 http fetch GET 200 https://registry.npmjs.org/@alloc/quick-lru/-/quick-lru-5.2.0.tgz 8022ms (cache miss)
1063 http fetch GET 200 https://registry.npmjs.org/@radix-ui/react-slot/-/react-slot-1.2.3.tgz 8005ms (cache miss)
1064 http fetch GET 200 https://registry.npmjs.org/@jridgewell/gen-mapping/-/gen-mapping-0.3.13.tgz 8086ms (cache miss)
1065 http fetch GET 200 https://registry.npmjs.org/@radix-ui/react-slot/-/react-slot-1.2.3.tgz 8108ms (cache miss)
1066 http fetch GET 200 https://registry.npmjs.org/@radix-ui/react-primitive/-/react-primitive-2.1.4.tgz 8125ms (cache miss)
1067 http fetch GET 200 https://registry.npmjs.org/@radix-ui/react-slot/-/react-slot-1.2.3.tgz 8149ms (cache miss)
1068 http fetch GET 200 https://registry.npmjs.org/autoprefixer/-/autoprefixer-10.4.24.tgz 8418ms (cache miss)
1069 http fetch GET 200 https://registry.npmjs.org/@radix-ui/react-slot/-/react-slot-1.2.3.tgz 8164ms (cache miss)
1070 http fetch GET 200 https://registry.npmjs.org/@jridgewell/trace-mapping/-/trace-mapping-0.3.31.tgz 8278ms (cache miss)
1071 http fetch GET 200 https://registry.npmjs.org/@babel/parser/-/parser-7.29.0.tgz 8257ms (cache miss)
1072 http fetch GET 200 https://registry.npmjs.org/@typescript-eslint/utils/-/utils-8.54.0.tgz 8461ms (cache miss)
1073 http fetch GET 200 https://registry.npmjs.org/@date-fns/tz/-/tz-1.4.1.tgz 8302ms (cache miss)
1074 http fetch GET 200 https://registry.npmjs.org/@eslint/eslintrc/-/eslintrc-3.3.3.tgz 8344ms (cache miss)
1075 http fetch GET 200 https://registry.npmjs.org/@radix-ui/react-primitive/-/react-primitive-2.1.4.tgz 8378ms (cache miss)
1076 http fetch GET 200 https://registry.npmjs.org/@typescript-eslint/typescript-estree/-/typescript-estree-8.54.0.tgz 8619ms (cache miss)
1077 http fetch GET 200 https://registry.npmjs.org/@radix-ui/react-context/-/react-context-1.1.3.tgz 8449ms (cache miss)
1078 http fetch GET 200 https://registry.npmjs.org/@babel/generator/-/generator-7.29.1.tgz 8491ms (cache miss)
1079 http fetch GET 200 https://registry.npmjs.org/semver/-/semver-7.7.4.tgz 8473ms (cache miss)
1080 http fetch GET 200 https://registry.npmjs.org/semver/-/semver-7.7.4.tgz 8482ms (cache miss)
1081 http fetch GET 200 https://registry.npmjs.org/resolve/-/resolve-1.22.11.tgz 9101ms (cache miss)
1082 http fetch GET 200 https://registry.npmjs.org/ajv/-/ajv-6.12.6.tgz 8784ms (cache miss)
1083 http fetch GET 200 https://registry.npmjs.org/minimatch/-/minimatch-9.0.5.tgz 8611ms (cache miss)
1084 http fetch GET 200 https://registry.npmjs.org/@radix-ui/react-primitive/-/react-primitive-2.1.4.tgz 8642ms (cache miss)
1085 http fetch GET 200 https://registry.npmjs.org/@types/node/-/node-24.10.12.tgz 8956ms (cache miss)
1086 http fetch GET 200 https://registry.npmjs.org/@babel/traverse/-/traverse-7.29.0.tgz 8844ms (cache miss)
1087 http fetch GET 200 https://registry.npmjs.org/embla-carousel/-/embla-carousel-8.6.0.tgz 9182ms (cache miss)
1088 http fetch GET 200 https://registry.npmjs.org/react-router/-/react-router-7.13.0.tgz 9469ms (cache miss)
1089 http fetch GET 200 https://registry.npmjs.org/axios/-/axios-1.13.5.tgz 9179ms (cache miss)
1090 http fetch GET 200 https://registry.npmjs.org/react-dom/-/react-dom-19.2.4.tgz 9668ms (cache miss)
1091 http fetch GET 200 https://registry.npmjs.org/leaflet/-/leaflet-1.9.4.tgz 9799ms (cache miss)
1092 http fetch GET 200 https://registry.npmjs.org/@babel/core/-/core-7.29.0.tgz 9597ms (cache miss)
1093 http fetch GET 200 https://registry.npmjs.org/sucrase/-/sucrase-3.35.1.tgz 10408ms (cache miss)
1094 http fetch GET 200 https://registry.npmjs.org/validator/-/validator-13.15.26.tgz 10604ms (cache miss)
1095 http fetch GET 200 https://registry.npmjs.org/@esbuild/win32-x64/-/win32-x64-0.27.3.tgz 10231ms (cache miss)
1096 http fetch GET 200 https://registry.npmjs.org/@babel/types/-/types-7.29.0.tgz 10585ms (cache miss)
1097 http fetch GET 200 https://registry.npmjs.org/dom-helpers/-/dom-helpers-5.2.1.tgz 10940ms (cache miss)
1098 http fetch GET 200 https://registry.npmjs.org/@babel/runtime/-/runtime-7.28.6.tgz 10783ms (cache miss)
1099 http fetch GET 200 https://registry.npmjs.org/victory-vendor/-/victory-vendor-36.9.2.tgz 11395ms (cache miss)
1100 http fetch GET 200 https://registry.npmjs.org/@babel/helpers/-/helpers-7.28.6.tgz 10829ms (cache miss)
1101 http fetch GET 200 https://registry.npmjs.org/tailwindcss/-/tailwindcss-3.4.19.tgz 11565ms (cache miss)
1102 http fetch GET 200 https://registry.npmjs.org/@typescript-eslint/scope-manager/-/scope-manager-8.54.0.tgz 11236ms (cache miss)
1103 http fetch GET 200 https://registry.npmjs.org/recharts/-/recharts-2.15.4.tgz 11892ms (cache miss)
1104 http fetch GET 200 https://registry.npmjs.org/react-hook-form/-/react-hook-form-7.71.1.tgz 12234ms (cache miss)
1105 http fetch GET 200 https://registry.npmjs.org/eslint/-/eslint-9.39.2.tgz 12243ms (cache miss)
1106 http fetch GET 200 https://registry.npmjs.org/typescript/-/typescript-5.9.3.tgz 12542ms (cache miss)
1107 http fetch GET 200 https://registry.npmjs.org/@typescript-eslint/eslint-plugin/-/eslint-plugin-8.54.0.tgz 12159ms (cache miss)
1108 http fetch GET 200 https://registry.npmjs.org/@hookform/resolvers/-/resolvers-5.2.2.tgz 12275ms (cache miss)
1109 http fetch GET 200 https://registry.npmjs.org/@types/lodash/-/lodash-4.17.23.tgz 13040ms (cache miss)
1110 http fetch GET 200 https://registry.npmjs.org/zod/-/zod-4.3.6.tgz 13790ms (cache miss)
1111 http fetch GET 200 https://registry.npmjs.org/caniuse-lite/-/caniuse-lite-1.0.30001769.tgz 13803ms (cache miss)
1112 http fetch GET 200 https://registry.npmjs.org/lodash/-/lodash-4.17.23.tgz 14334ms (cache miss)
1113 http fetch GET 200 https://registry.npmjs.org/react-day-picker/-/react-day-picker-9.13.1.tgz 14621ms (cache miss)
1114 http fetch GET 200 https://registry.npmjs.org/date-fns-jalali/-/date-fns-jalali-4.1.0-0.tgz 18362ms (cache miss)
1115 http fetch GET 200 https://registry.npmjs.org/lucide-react/-/lucide-react-0.562.0.tgz 21421ms (cache miss)
1116 http fetch GET 200 https://registry.npmjs.org/date-fns/-/date-fns-4.1.0.tgz 24454ms (cache miss)
1117 info run esbuild@0.27.3 postinstall node_modules/esbuild node install.js
1118 info run esbuild@0.27.3 postinstall { code: 'ENOENT', signal: undefined }
1119 warn cleanup Failed to remove some directories [
1119 warn cleanup   [
1119 warn cleanup     'C:\\webdevmin1\\localvibe_client_complete\\localvibe-client\\node_modules',
1119 warn cleanup     [Error: EPERM: operation not permitted, rmdir 'C:\webdevmin1\localvibe_client_complete\localvibe-client\node_modules\eslint'] {
1119 warn cleanup       errno: -4048,
1119 warn cleanup       code: 'EPERM',
1119 warn cleanup       syscall: 'rmdir',
1119 warn cleanup       path: 'C:\\webdevmin1\\localvibe_client_complete\\localvibe-client\\node_modules\\eslint'
1119 warn cleanup     }
1119 warn cleanup   ]
1119 warn cleanup ]
1120 verbose stack Error: spawn C:\WINDOWS/System32 ENOENT
1120 verbose stack     at ChildProcess._handle.onexit (node:internal/child_process:285:19)
1120 verbose stack     at onErrorNT (node:internal/child_process:483:16)
1120 verbose stack     at process.processTicksAndRejections (node:internal/process/task_queues:82:21)
1121 verbose pkgid esbuild@0.27.3
1122 error code ENOENT
1123 error syscall spawn C:\WINDOWS/System32
1124 error path C:\webdevmin1\localvibe_client_complete\localvibe-client\node_modules\esbuild
1125 error errno -4058
1126 error enoent spawn C:\WINDOWS/System32 ENOENT
1127 error enoent This is related to npm not being able to find a file.
1127 error enoent
1128 silly unfinished npm timer reify 1770672313625
1129 silly unfinished npm timer reify:build 1770672340192
1130 silly unfinished npm timer build 1770672340193
1131 silly unfinished npm timer build:deps 1770672340194
1132 silly unfinished npm timer build:run:postinstall 1770672340325
1133 silly unfinished npm timer build:run:postinstall:node_modules/esbuild 1770672340326
1134 verbose cwd C:\webdevmin1\localvibe_client_complete\localvibe-client
1135 verbose os Windows_NT 10.0.26200
1136 verbose node v20.20.0
1137 verbose npm  v10.8.2
1138 notice
1138 notice New [31mmajor[39m version of npm available! [31m10.8.2[39m -> [34m11.9.0[39m
1138 notice Changelog: [34mhttps://github.com/npm/cli/releases/tag/v11.9.0[39m
1138 notice To update run: [4mnpm install -g npm@11.9.0[24m
1138 notice  { force: true, [Symbol(proc-log.meta)]: true }
1139 verbose exit -4058
1140 verbose code -4058
1141 error A complete log of this run can be found in: C:\webdevmin1\localvibe_client_complete\localvibe-client\.npm-cache\_logs\2026-02-09T21_25_12_520Z-debug-0.log
